#
# There is insufficient memory for the Java Runtime Environment to continue.
# Native memory allocation (mmap) failed to map 541065216 bytes for G1 virtual space
# Possible reasons:
#   The system is out of physical RAM or swap space
#   The process is running with CompressedOops enabled, and the Java Heap may be blocking the growth of the native heap
# Possible solutions:
#   Reduce memory load on the system
#   Increase physical memory or swap space
#   Check if swap backing store is full
#   Decrease Java heap size (-Xmx/-Xms)
#   Decrease number of Java threads
#   Decrease Java thread stack sizes (-Xss)
#   Set larger code cache with -XX:ReservedCodeCacheSize=
#   JVM is running with Zero Based Compressed Oops mode in which the Java heap is
#     placed in the first 32GB address space. The Java Heap base address is the
#     maximum limit for the native heap growth. Please use -XX:HeapBaseMinAddress
#     to set the Java Heap base and to place the Java Heap above 32GB virtual address.
# This output file may be truncated or incomplete.
#
#  Out of Memory Error (os_windows.cpp:3548), pid=37404, tid=38096
#
# JRE version: Java(TM) SE Runtime Environment (17.0.12+8) (build 17.0.12+8-LTS-286)
# Java VM: Java HotSpot(TM) 64-Bit Server VM (17.0.12+8-LTS-286, mixed mode, sharing, tiered, compressed oops, compressed class ptrs, g1 gc, windows-amd64)
# No core dump will be written. Minidumps are not enabled by default on client versions of Windows
#

---------------  S U M M A R Y ------------

Command Line: --add-opens=java.base/java.lang=ALL-UNNAMED --add-opens=java.base/java.lang.invoke=ALL-UNNAMED --add-opens=java.base/java.util=ALL-UNNAMED --add-opens=java.prefs/java.util.prefs=ALL-UNNAMED --add-exports=jdk.compiler/com.sun.tools.javac.api=ALL-UNNAMED --add-exports=jdk.compiler/com.sun.tools.javac.util=ALL-UNNAMED --add-opens=java.base/java.nio.charset=ALL-UNNAMED --add-opens=java.base/java.net=ALL-UNNAMED --add-opens=java.base/java.util.concurrent=ALL-UNNAMED --add-opens=java.base/java.util.concurrent.atomic=ALL-UNNAMED --add-opens=java.xml/javax.xml.namespace=ALL-UNNAMED --add-opens=java.base/java.time=ALL-UNNAMED -XX:MaxMetaspaceSize=1024m -Xmx4096m -Dfile.encoding=UTF-8 -Duser.country=AE -Duser.language=en -Duser.variant -javaagent:C:\Users\dsami\.gradle\wrapper\dists\gradle-9.7.0-bin\d4tj7w02tcgubx9zk9hbippn6\gradle-9.7.0\lib\agents\gradle-instrumentation-agent-9.7.0.jar org.gradle.launcher.daemon.bootstrap.GradleDaemon 9.7.0

Host: 11th Gen Intel(R) Core(TM) i7-11700F @ 2.50GHz, 16 cores, 31G,  Windows 11 , 64 bit Build 26100 (10.0.26100.9168)
Time: Mon Aug 17 12:10:05 2026 Arabian Standard Time elapsed time: 5772.154556 seconds (0d 1h 36m 12s)

---------------  T H R E A D  ---------------

Current thread (0x000001f9f714e010):  VMThread "VM Thread" [stack: 0x000000af5aa00000,0x000000af5ab00000] [id=38096]

Stack: [0x000000af5aa00000,0x000000af5ab00000]
Native frames: (J=compiled Java code, j=interpreted, Vv=VM code, C=native code)
V  [jvm.dll+0x67a04a]
V  [jvm.dll+0x7da4ed]
V  [jvm.dll+0x7dbe33]
V  [jvm.dll+0x7dc4a3]
V  [jvm.dll+0x24508f]
V  [jvm.dll+0x677089]
V  [jvm.dll+0x66bd32]
V  [jvm.dll+0x301fa6]
V  [jvm.dll+0x309546]
V  [jvm.dll+0x359d2e]
V  [jvm.dll+0x359f5f]
V  [jvm.dll+0x2d9078]
V  [jvm.dll+0x2d74ad]
V  [jvm.dll+0x2d6afc]
V  [jvm.dll+0x31a65b]
V  [jvm.dll+0x7e0d9b]
V  [jvm.dll+0x7e1ad4]
V  [jvm.dll+0x7e1fed]
V  [jvm.dll+0x7e23c4]
V  [jvm.dll+0x7e2490]
V  [jvm.dll+0x78abea]
V  [jvm.dll+0x678f35]
C  [ucrtbase.dll+0x2cd30]
C  [KERNEL32.DLL+0x2ccb7]
C  [ntdll.dll+0xaad6c]

VM_Operation (0x000000af605f83a0): G1CollectForAllocation, mode: safepoint, requested by thread 0x000001f9b6fc9000


---------------  P R O C E S S  ---------------

Threads class SMR info:
_java_thread_list=0x000001fa253f9010, length=150, elements={
0x000001f9d19142c0, 0x000001f9f6aacc60, 0x000001f9f6aad340, 0x000001f9f6ac5120,
0x000001f9f6ac5600, 0x000001f9f6ac6650, 0x000001f9f6acb6b0, 0x000001f9f6ad7fa0,
0x000001f9f7157f50, 0x000001f9f7158470, 0x000001f9f6a9b350, 0x000001f9f75bbff0,
0x000001f9fd67d8d0, 0x000001f9fe21b0a0, 0x000001f9fe084250, 0x000001f9fe3c0310,
0x000001f9fe3c0d30, 0x000001f9fe3c1240, 0x000001f9fed13970, 0x000001f9fed12f50,
0x000001f9fed12530, 0x000001f9fed16700, 0x000001f9b7d77d20, 0x000001f9b589cd30,
0x000001f9b589f0a0, 0x000001f9b589eb90, 0x000001f9b589f5b0, 0x000001f9b7ab1290,
0x000001f9c9dc3000, 0x000001f9c9dc3a20, 0x000001f9c9dc3f30, 0x000001f9c9dc4440,
0x000001f9c9dc4e60, 0x000001f9c9dc8610, 0x000001f9c9dc5880, 0x000001f9c9dc76e0,
0x000001f9d005fa40, 0x000001f9d005e600, 0x000001f9d005f530, 0x000001f9c9555b90,
0x000001f9b7aa5740, 0x000001fa15b89e50, 0x000001fa013db2f0, 0x000001fa040c4de0,
0x000001fa021b7790, 0x000001f9ffdf9c90, 0x000001fa15b870c0, 0x000001fa1dcd5230,
0x000001fa1dcd5c50, 0x000001f9ffdf8d60, 0x000001fa0456a4e0, 0x000001fa2abd06b0,
0x000001fa2abcd410, 0x000001f9cb563660, 0x000001fa01505470, 0x000001fa01debad0,
0x000001f9cb5654c0, 0x000001fa2abcd920, 0x000001fa04569fd0, 0x000001fa16b8dc70,
0x000001fa16bfaab0, 0x000001fa16bfc400, 0x000001fa16bfb9e0, 0x000001fa16bfce20,
0x000001fa16bfafc0, 0x000001fa16bf9b80, 0x000001fa16bfa090, 0x000001fa16bfa5a0,
0x000001fa16bfb4d0, 0x000001fa01deb5c0, 0x000001fa01debfe0, 0x000001fa01dee350,
0x000001fa01ded420, 0x000001fa01ded930, 0x000001f9ffd9a3d0, 0x000001f9ffd98a80,
0x000001f9ffd9b810, 0x000001f9ffd994a0, 0x000001f9ffd9b300, 0x000001f9ffd98060,
0x000001f9ffd999b0, 0x000001f9ffd98f90, 0x000001f9ffd98570, 0x000001fa04568b90,
0x000001fa04569ac0, 0x000001fa04568680, 0x000001fa0456a9f0, 0x000001fa045695b0,
0x000001fa0456af00, 0x000001f9c8395060, 0x000001f9c9dc3510, 0x000001fa012ec200,
0x000001fa012eadc0, 0x000001fa012eb2d0, 0x000001fa012ebcf0, 0x000001fa166c1820,
0x000001fa166c2c60, 0x000001f9b6fcae60, 0x000001f9b6fc9f30, 0x000001f9b6fcbd90,
0x000001f9b6fcc2a0, 0x000001f9b6fca950, 0x000001f9b6fc9000, 0x000001f9b6fc9510,
0x000001f9b6fcb370, 0x000001f9b6fcc7b0, 0x000001f9b6fcb880, 0x000001f9c9dc20d0,
0x000001fa011b5810, 0x000001fa011b2a80, 0x000001fa011b39b0, 0x000001fa011b2f90,
0x000001f9cb796630, 0x000001fa18e93700, 0x000001fa16b8fad0, 0x000001fa18e927d0,
0x000001f9d0837650, 0x000001f9d0838070, 0x000001f9d0838a90, 0x000001f9d0836720,
0x000001f9c9dc2af0, 0x000001f9c9dc9a50, 0x000001fa1dcd4d20, 0x000001fa18e95f80,
0x000001fa15a0dfe0, 0x000001fa1dcd7090, 0x000001fa2abce850, 0x000001fa2abced60,
0x000001f9ffd99ec0, 0x000001fa2abcde30, 0x000001fa2abcfc90, 0x000001fa166c1310,
0x000001fa166c1d30, 0x000001f9d09a43f0, 0x000001f9d09a3ee0, 0x000001fa15a0ef10,
0x000001fa15a0d0b0, 0x000001f9ff48bd50, 0x000001f9ff48d290, 0x000001f9ff48c7f0,
0x000001f9ff48ed20, 0x000001f9ff48f270, 0x000001f9ff48c2a0, 0x000001f9ff48e280,
0x000001fa18e94630, 0x000001f9ffd9a8e0, 0x000001f9c9dc67b0, 0x000001f9d0836210,
0x000001f9d0838580, 0x000001f9d0836c30
}

Java Threads: ( => current thread )
  0x000001f9d19142c0 JavaThread "main" [_thread_blocked, id=22020, stack(0x000000af5a400000,0x000000af5a500000)]
  0x000001f9f6aacc60 JavaThread "Reference Handler" daemon [_thread_blocked, id=41060, stack(0x000000af5ab00000,0x000000af5ac00000)]
  0x000001f9f6aad340 JavaThread "Finalizer" daemon [_thread_blocked, id=38660, stack(0x000000af5ac00000,0x000000af5ad00000)]
  0x000001f9f6ac5120 JavaThread "Signal Dispatcher" daemon [_thread_blocked, id=43832, stack(0x000000af5ad00000,0x000000af5ae00000)]
  0x000001f9f6ac5600 JavaThread "Attach Listener" daemon [_thread_blocked, id=26628, stack(0x000000af5ae00000,0x000000af5af00000)]
  0x000001f9f6ac6650 JavaThread "Service Thread" daemon [_thread_blocked, id=2100, stack(0x000000af5af00000,0x000000af5b000000)]
  0x000001f9f6acb6b0 JavaThread "Monitor Deflation Thread" daemon [_thread_blocked, id=37960, stack(0x000000af5b000000,0x000000af5b100000)]
  0x000001f9f6ad7fa0 JavaThread "C2 CompilerThread0" daemon [_thread_blocked, id=43628, stack(0x000000af5b100000,0x000000af5b200000)]
  0x000001f9f7157f50 JavaThread "C1 CompilerThread0" daemon [_thread_blocked, id=42608, stack(0x000000af5b200000,0x000000af5b300000)]
  0x000001f9f7158470 JavaThread "Sweeper thread" daemon [_thread_blocked, id=7928, stack(0x000000af5b300000,0x000000af5b400000)]
  0x000001f9f6a9b350 JavaThread "Common-Cleaner" daemon [_thread_blocked, id=38576, stack(0x000000af5b400000,0x000000af5b500000)]
  0x000001f9f75bbff0 JavaThread "Notification Thread" daemon [_thread_blocked, id=35384, stack(0x000000af5b800000,0x000000af5b900000)]
  0x000001f9fd67d8d0 JavaThread "Daemon health stats" [_thread_blocked, id=6448, stack(0x000000af5c600000,0x000000af5c700000)]
  0x000001f9fe21b0a0 JavaThread "Incoming local TCP Connector on port 64444" [_thread_in_native, id=43064, stack(0x000000af5c700000,0x000000af5c800000)]
  0x000001f9fe084250 JavaThread "Daemon periodic checks" [_thread_blocked, id=2196, stack(0x000000af5c800000,0x000000af5c900000)]
  0x000001f9fe3c0310 JavaThread "Cache worker for journal cache (C:\Users\dsami\.gradle\caches\journal-1)" [_thread_blocked, id=22872, stack(0x000000af5d000000,0x000000af5d100000)]
  0x000001f9fe3c0d30 JavaThread "File lock request listener" [_thread_in_native, id=23968, stack(0x000000af5d100000,0x000000af5d200000)]
  0x000001f9fe3c1240 JavaThread "Cache worker for file hash cache (C:\Users\dsami\.gradle\caches\9.7.0\fileHashes)" [_thread_blocked, id=37308, stack(0x000000af5d300000,0x000000af5d400000)]
  0x000001f9fed13970 JavaThread "Cache worker for file content cache (C:\Users\dsami\.gradle\caches\9.7.0\fileContent)" [_thread_blocked, id=35684, stack(0x000000af5dc00000,0x000000af5dd00000)]
  0x000001f9fed12f50 JavaThread "File watcher server" daemon [_thread_blocked, id=28344, stack(0x000000af5dd00000,0x000000af5de00000)]
  0x000001f9fed12530 JavaThread "File watcher consumer" daemon [_thread_blocked, id=6904, stack(0x000000af5de00000,0x000000af5df00000)]
  0x000001f9fed16700 JavaThread "Cache worker for Kotlin DSL Plugin Entries (D:\david\projects\netflix-local\.gradle\9.7.0\kotlin-dsl-plugin-entries)" [_thread_blocked, id=26364, stack(0x000000af5e100000,0x000000af5e200000)]
  0x000001f9b7d77d20 JavaThread "Memory manager" [_thread_blocked, id=26000, stack(0x000000af5fc00000,0x000000af5fd00000)]
  0x000001f9b589cd30 JavaThread "RMI Scheduler(0)" daemon [_thread_blocked, id=39532, stack(0x000000af61b00000,0x000000af61c00000)]
  0x000001f9b589f0a0 JavaThread "RMI GC Daemon" daemon [_thread_blocked, id=34572, stack(0x000000af61d00000,0x000000af61e00000)]
  0x000001f9b589eb90 JavaThread "RMI TCP Accept-0" daemon [_thread_in_native, id=4880, stack(0x000000af62000000,0x000000af62100000)]
  0x000001f9b589f5b0 JavaThread "RMI Reaper" [_thread_blocked, id=1520, stack(0x000000af62100000,0x000000af62200000)]
  0x000001f9b7ab1290 JavaThread "pool-5-thread-1" [_thread_blocked, id=24652, stack(0x000000af5a300000,0x000000af5a400000)]
  0x000001f9c9dc3000 JavaThread "RMI TCP Accept-0" daemon [_thread_in_native, id=40400, stack(0x000000af5b600000,0x000000af5b700000)]
  0x000001f9c9dc3a20 JavaThread "DefaultDispatcher-worker-1" daemon [_thread_blocked, id=35720, stack(0x000000af5a100000,0x000000af5a200000)]
  0x000001f9c9dc3f30 JavaThread "DefaultDispatcher-worker-2" daemon [_thread_blocked, id=3520, stack(0x000000af5e000000,0x000000af5e100000)]
  0x000001f9c9dc4440 JavaThread "DefaultDispatcher-worker-3" daemon [_thread_blocked, id=38208, stack(0x000000af5fd00000,0x000000af5fe00000)]
  0x000001f9c9dc4e60 JavaThread "Periodic tasks thread" daemon [_thread_blocked, id=7516, stack(0x000000af63000000,0x000000af63100000)]
  0x000001f9c9dc8610 JavaThread "ApplicationImpl pooled thread 1" [_thread_blocked, id=32784, stack(0x000000af63100000,0x000000af63200000)]
  0x000001f9c9dc5880 JavaThread "Java2D Disposer" daemon [_thread_blocked, id=42520, stack(0x000000af61400000,0x000000af61500000)]
  0x000001f9c9dc76e0 JavaThread "AWT-Windows" daemon [_thread_in_native, id=33176, stack(0x000000af63200000,0x000000af63300000)]
  0x000001f9d005fa40 JavaThread "Cache worker for Java compile cache (C:\Users\dsami\.gradle\caches\9.7.0\javaCompile)" [_thread_blocked, id=33780, stack(0x000000af61100000,0x000000af61200000)]
  0x000001f9d005e600 JavaThread "DefaultDispatcher-worker-4" daemon [_thread_blocked, id=43324, stack(0x000000af63600000,0x000000af63700000)]
  0x000001f9d005f530 JavaThread "DefaultDispatcher-worker-5" daemon [_thread_blocked, id=7080, stack(0x000000af63700000,0x000000af63800000)]
  0x000001f9c9555b90 JavaThread "pool-9-thread-1" [_thread_blocked, id=42848, stack(0x000000af60300000,0x000000af60400000)]
  0x000001f9b7aa5740 JavaThread "pool-12-thread-1" [_thread_blocked, id=35208, stack(0x000000af5fb00000,0x000000af5fc00000)]
  0x000001fa15b89e50 JavaThread "DefaultDispatcher-worker-1" daemon [_thread_blocked, id=37828, stack(0x000000af65d00000,0x000000af65e00000)]
  0x000001fa013db2f0 JavaThread "DefaultDispatcher-worker-2" daemon [_thread_blocked, id=23524, stack(0x000000af65e00000,0x000000af65f00000)]
  0x000001fa040c4de0 JavaThread "DefaultDispatcher-worker-3" daemon [_thread_blocked, id=38216, stack(0x000000af65f00000,0x000000af66000000)]
  0x000001fa021b7790 JavaThread "DefaultDispatcher-worker-4" daemon [_thread_blocked, id=43616, stack(0x000000af66000000,0x000000af66100000)]
  0x000001f9ffdf9c90 JavaThread "DefaultDispatcher-worker-5" daemon [_thread_blocked, id=5584, stack(0x000000af66100000,0x000000af66200000)]
  0x000001fa15b870c0 JavaThread "DefaultDispatcher-worker-6" daemon [_thread_blocked, id=35648, stack(0x000000af66200000,0x000000af66300000)]
  0x000001fa1dcd5230 JavaThread "Periodic tasks thread" daemon [_thread_blocked, id=17484, stack(0x000000af62f00000,0x000000af63000000)]
  0x000001fa1dcd5c50 JavaThread "ApplicationImpl pooled thread 1" [_thread_blocked, id=26472, stack(0x000000af64900000,0x000000af64a00000)]
  0x000001f9ffdf8d60 JavaThread "ApplicationImpl pooled thread 2" [_thread_blocked, id=42908, stack(0x000000af66700000,0x000000af66800000)]
  0x000001fa0456a4e0 JavaThread "pool-23-thread-1" [_thread_blocked, id=31240, stack(0x000000af61200000,0x000000af61300000)]
  0x000001fa2abd06b0 JavaThread "DefaultDispatcher-worker-7" daemon [_thread_blocked, id=30192, stack(0x000000af62600000,0x000000af62700000)]
  0x000001fa2abcd410 JavaThread "DefaultDispatcher-worker-8" daemon [_thread_blocked, id=40988, stack(0x000000af62700000,0x000000af62800000)]
  0x000001f9cb563660 JavaThread "pool-27-thread-1" [_thread_blocked, id=37728, stack(0x000000af61300000,0x000000af61400000)]
  0x000001fa01505470 JavaThread "pool-32-thread-1" [_thread_blocked, id=28004, stack(0x000000af61800000,0x000000af61900000)]
  0x000001fa01debad0 JavaThread "pool-34-thread-1" [_thread_blocked, id=35404, stack(0x000000af60400000,0x000000af60500000)]
  0x000001f9cb5654c0 JavaThread "pool-37-thread-1" [_thread_blocked, id=26408, stack(0x000000af60a00000,0x000000af60b00000)]
  0x000001fa2abcd920 JavaThread "pool-47-thread-1" [_thread_blocked, id=43936, stack(0x000000af61500000,0x000000af61600000)]
  0x000001fa04569fd0 JavaThread "Daemon Thread 5" [_thread_blocked, id=30592, stack(0x000000af5a200000,0x000000af5a300000)]
  0x000001fa16b8dc70 JavaThread "Handler for socket connection from /127.0.0.1:64444 to /127.0.0.1:38518" [_thread_in_native, id=35712, stack(0x000000af5b500000,0x000000af5b600000)]
  0x000001fa16bfaab0 JavaThread "Cancel handler" [_thread_blocked, id=40816, stack(0x000000af5b700000,0x000000af5b800000)]
  0x000001fa16bfc400 JavaThread "Daemon worker Thread 5" [_thread_blocked, id=16608, stack(0x000000af5bc00000,0x000000af5bd00000)]
  0x000001fa16bfb9e0 JavaThread "Asynchronous log dispatcher for DefaultDaemonConnection: socket connection from /127.0.0.1:64444 to /127.0.0.1:38518" [_thread_blocked, id=35524, stack(0x000000af5c900000,0x000000af5ca00000)]
  0x000001fa16bfce20 JavaThread "Stdin handler" [_thread_blocked, id=34932, stack(0x000000af5ca00000,0x000000af5cb00000)]
  0x000001fa16bfafc0 JavaThread "Daemon client event forwarder" [_thread_blocked, id=29472, stack(0x000000af5cb00000,0x000000af5cc00000)]
  0x000001fa16bf9b80 JavaThread "Cache worker for file hash cache (D:\david\projects\netflix-local\.gradle\9.7.0\fileHashes)" [_thread_blocked, id=15848, stack(0x000000af5cc00000,0x000000af5cd00000)]
  0x000001fa16bfa090 JavaThread "Cache worker for checksums cache (D:\david\projects\netflix-local\.gradle\9.7.0\checksums)" [_thread_blocked, id=35328, stack(0x000000af5cd00000,0x000000af5ce00000)]
  0x000001fa16bfa5a0 JavaThread "Cache worker for Build Output Cleanup Cache (D:\david\projects\netflix-local\.gradle\buildOutputCleanup)" [_thread_blocked, id=27432, stack(0x000000af5ce00000,0x000000af5cf00000)]
  0x000001fa16bfb4d0 JavaThread "Cache worker for cache directory md-supplier (C:\Users\dsami\.gradle\caches\9.7.0\md-supplier)" [_thread_blocked, id=2888, stack(0x000000af5cf00000,0x000000af5d000000)]
  0x000001fa01deb5c0 JavaThread "Cache worker for cache directory md-rule (C:\Users\dsami\.gradle\caches\9.7.0\md-rule)" [_thread_blocked, id=33972, stack(0x000000af5d200000,0x000000af5d300000)]
  0x000001fa01debfe0 JavaThread "Cache worker for Build Output Cleanup Cache (D:\david\projects\netflix-local\build-logic\.gradle\buildOutputCleanup)" [_thread_blocked, id=31024, stack(0x000000af5d700000,0x000000af5d800000)]
  0x000001fa01dee350 JavaThread "Configuration cache report writer" [_thread_blocked, id=39752, stack(0x000000af5d800000,0x000000af5d900000)]
  0x000001fa01ded420 JavaThread "Build operations" [_thread_blocked, id=28992, stack(0x000000af5d900000,0x000000af5da00000)]
  0x000001fa01ded930 JavaThread "Build operations Thread 2" [_thread_blocked, id=29512, stack(0x000000af5da00000,0x000000af5db00000)]
  0x000001f9ffd9a3d0 JavaThread "Build operations Thread 3" [_thread_blocked, id=3152, stack(0x000000af5db00000,0x000000af5dc00000)]
  0x000001f9ffd98a80 JavaThread "Build operations Thread 4" [_thread_blocked, id=34904, stack(0x000000af5df00000,0x000000af5e000000)]
  0x000001f9ffd9b810 JavaThread "Build operations Thread 5" [_thread_blocked, id=39712, stack(0x000000af5e200000,0x000000af5e300000)]
  0x000001f9ffd994a0 JavaThread "Build operations Thread 6" [_thread_blocked, id=31148, stack(0x000000af5e300000,0x000000af5e400000)]
  0x000001f9ffd9b300 JavaThread "Build operations Thread 7" [_thread_blocked, id=460, stack(0x000000af5e400000,0x000000af5e500000)]
  0x000001f9ffd98060 JavaThread "Build operations Thread 8" [_thread_blocked, id=34312, stack(0x000000af5e500000,0x000000af5e600000)]
  0x000001f9ffd999b0 JavaThread "Build operations Thread 9" [_thread_blocked, id=26580, stack(0x000000af5e900000,0x000000af5ea00000)]
  0x000001f9ffd98f90 JavaThread "Build operations Thread 10" [_thread_blocked, id=20660, stack(0x000000af5eb00000,0x000000af5ec00000)]
  0x000001f9ffd98570 JavaThread "Build operations Thread 11" [_thread_blocked, id=42096, stack(0x000000af5ec00000,0x000000af5ed00000)]
  0x000001fa04568b90 JavaThread "Build operations Thread 12" [_thread_blocked, id=22204, stack(0x000000af5ed00000,0x000000af5ee00000)]
  0x000001fa04569ac0 JavaThread "Build operations Thread 13" [_thread_blocked, id=30904, stack(0x000000af5ee00000,0x000000af5ef00000)]
  0x000001fa04568680 JavaThread "Build operations Thread 14" [_thread_blocked, id=33752, stack(0x000000af5ef00000,0x000000af5f000000)]
  0x000001fa0456a9f0 JavaThread "Build operations Thread 15" [_thread_blocked, id=6472, stack(0x000000af5f000000,0x000000af5f100000)]
  0x000001fa045695b0 JavaThread "Build operations Thread 16" [_thread_blocked, id=35300, stack(0x000000af5f100000,0x000000af5f200000)]
  0x000001fa0456af00 JavaThread "build event listener" [_thread_blocked, id=18192, stack(0x000000af5f200000,0x000000af5f300000)]
  0x000001f9c8395060 JavaThread "build event listener" [_thread_blocked, id=28128, stack(0x000000af5f300000,0x000000af5f400000)]
  0x000001f9c9dc3510 JavaThread "Problems report writer" [_thread_blocked, id=6212, stack(0x000000af5f400000,0x000000af5f500000)]
  0x000001fa012ec200 JavaThread "included builds" [_thread_blocked, id=43564, stack(0x000000af5f500000,0x000000af5f600000)]
  0x000001fa012eadc0 JavaThread "Execution worker" [_thread_blocked, id=35144, stack(0x000000af5f600000,0x000000af5f700000)]
  0x000001fa012eb2d0 JavaThread "Execution worker Thread 2" [_thread_blocked, id=40364, stack(0x000000af5f700000,0x000000af5f800000)]
  0x000001fa012ebcf0 JavaThread "Execution worker Thread 3" [_thread_blocked, id=16248, stack(0x000000af5f800000,0x000000af5f900000)]
  0x000001fa166c1820 JavaThread "Execution worker Thread 4" [_thread_blocked, id=30140, stack(0x000000af5f900000,0x000000af5fa00000)]
  0x000001fa166c2c60 JavaThread "Execution worker Thread 5" [_thread_blocked, id=25968, stack(0x000000af5fa00000,0x000000af5fb00000)]
  0x000001f9b6fcae60 JavaThread "Execution worker Thread 6" [_thread_blocked, id=5840, stack(0x000000af5fe00000,0x000000af5ff00000)]
  0x000001f9b6fc9f30 JavaThread "Execution worker Thread 7" [_thread_blocked, id=34460, stack(0x000000af5ff00000,0x000000af60000000)]
  0x000001f9b6fcbd90 JavaThread "Execution worker Thread 8" [_thread_blocked, id=24572, stack(0x000000af60000000,0x000000af60100000)]
  0x000001f9b6fcc2a0 JavaThread "Execution worker Thread 9" [_thread_blocked, id=5992, stack(0x000000af60100000,0x000000af60200000)]
  0x000001f9b6fca950 JavaThread "Execution worker Thread 10" [_thread_blocked, id=5224, stack(0x000000af60200000,0x000000af60300000)]
  0x000001f9b6fc9000 JavaThread "Execution worker Thread 11" [_thread_blocked, id=33068, stack(0x000000af60500000,0x000000af60600000)]
  0x000001f9b6fc9510 JavaThread "Execution worker Thread 12" [_thread_blocked, id=5140, stack(0x000000af60600000,0x000000af60700000)]
  0x000001f9b6fcb370 JavaThread "Execution worker Thread 13" [_thread_blocked, id=40368, stack(0x000000af60700000,0x000000af60800000)]
  0x000001f9b6fcc7b0 JavaThread "Execution worker Thread 14" [_thread_blocked, id=17660, stack(0x000000af60800000,0x000000af60900000)]
  0x000001f9b6fcb880 JavaThread "Execution worker Thread 15" [_thread_blocked, id=35636, stack(0x000000af60900000,0x000000af60a00000)]
  0x000001f9c9dc20d0 JavaThread "Cache worker for execution history cache (D:\david\projects\netflix-local\build-logic\.gradle\9.7.0\executionHistory)" [_thread_blocked, id=18472, stack(0x000000af60b00000,0x000000af60c00000)]
  0x000001fa011b5810 JavaThread "build event listener" [_thread_blocked, id=41196, stack(0x000000af60c00000,0x000000af60d00000)]
  0x000001fa011b2a80 JavaThread "build event listener" [_thread_blocked, id=34956, stack(0x000000af60d00000,0x000000af60e00000)]
  0x000001fa011b39b0 JavaThread "pool-55-thread-1" [_thread_blocked, id=24800, stack(0x000000af60e00000,0x000000af60f00000)]
  0x000001fa011b2f90 JavaThread "build event listener" [_thread_blocked, id=41920, stack(0x000000af60f00000,0x000000af61000000)]
  0x000001f9cb796630 JavaThread "Cache worker for execution history cache (D:\david\projects\netflix-local\.gradle\9.7.0\executionHistory)" [_thread_blocked, id=16108, stack(0x000000af61000000,0x000000af61100000)]
  0x000001fa18e93700 JavaThread "WorkerExecutor Queue" [_thread_blocked, id=42600, stack(0x000000af61600000,0x000000af61700000)]
  0x000001fa16b8fad0 JavaThread "WorkerExecutor Queue Thread 2" [_thread_blocked, id=7648, stack(0x000000af61700000,0x000000af61800000)]
  0x000001fa18e927d0 JavaThread "ForkJoinPool-8-worker-1" daemon [_thread_blocked, id=37104, stack(0x000000af61900000,0x000000af61a00000)]
  0x000001f9d0837650 JavaThread "ForkJoinPool-8-worker-2" daemon [_thread_blocked, id=41044, stack(0x000000af61a00000,0x000000af61b00000)]
  0x000001f9d0838070 JavaThread "ForkJoinPool-8-worker-3" daemon [_thread_blocked, id=24532, stack(0x000000af61c00000,0x000000af61d00000)]
  0x000001f9d0838a90 JavaThread "ForkJoinPool-8-worker-4" daemon [_thread_blocked, id=39592, stack(0x000000af61e00000,0x000000af61f00000)]
  0x000001f9d0836720 JavaThread "ForkJoinPool-8-worker-5" daemon [_thread_blocked, id=28520, stack(0x000000af61f00000,0x000000af62000000)]
  0x000001f9c9dc2af0 JavaThread "ForkJoinPool-8-worker-6" daemon [_thread_blocked, id=16572, stack(0x000000af62200000,0x000000af62300000)]
  0x000001f9c9dc9a50 JavaThread "ForkJoinPool-8-worker-7" daemon [_thread_blocked, id=31036, stack(0x000000af62400000,0x000000af62500000)]
  0x000001fa1dcd4d20 JavaThread "WorkerExecutor Queue Thread 3" [_thread_blocked, id=27032, stack(0x000000af62500000,0x000000af62600000)]
  0x000001fa18e95f80 JavaThread "ForkJoinPool-8-worker-8" daemon [_thread_blocked, id=25008, stack(0x000000af62800000,0x000000af62900000)]
  0x000001fa15a0dfe0 JavaThread "WorkerExecutor Queue Thread 4" [_thread_blocked, id=15936, stack(0x000000af62900000,0x000000af62a00000)]
  0x000001fa1dcd7090 JavaThread "WorkerExecutor Queue Thread 5" [_thread_blocked, id=7044, stack(0x000000af62a00000,0x000000af62b00000)]
  0x000001fa2abce850 JavaThread "WorkerExecutor Queue Thread 6" [_thread_blocked, id=26380, stack(0x000000af62b00000,0x000000af62c00000)]
  0x000001fa2abced60 JavaThread "WorkerExecutor Queue Thread 7" [_thread_blocked, id=6944, stack(0x000000af62c00000,0x000000af62d00000)]
  0x000001f9ffd99ec0 JavaThread "WorkerExecutor Queue Thread 8" [_thread_blocked, id=16004, stack(0x000000af62d00000,0x000000af62e00000)]
  0x000001fa2abcde30 JavaThread "ForkJoinPool-8-worker-9" daemon [_thread_blocked, id=15520, stack(0x000000af62e00000,0x000000af62f00000)]
  0x000001fa2abcfc90 JavaThread "WorkerExecutor Queue Thread 9" [_thread_blocked, id=33560, stack(0x000000af63300000,0x000000af63400000)]
  0x000001fa166c1310 JavaThread "ForkJoinPool-8-worker-10" daemon [_thread_blocked, id=26448, stack(0x000000af63400000,0x000000af63500000)]
  0x000001fa166c1d30 JavaThread "ForkJoinPool-8-worker-11" daemon [_thread_blocked, id=33412, stack(0x000000af63500000,0x000000af63600000)]
  0x000001f9d09a43f0 JavaThread "WorkerExecutor Queue Thread 10" [_thread_blocked, id=15768, stack(0x000000af63800000,0x000000af63900000)]
  0x000001f9d09a3ee0 JavaThread "WorkerExecutor Queue Thread 11" [_thread_blocked, id=20212, stack(0x000000af63900000,0x000000af63a00000)]
  0x000001fa15a0ef10 JavaThread "WorkerExecutor Queue Thread 12" [_thread_blocked, id=20168, stack(0x000000af63a00000,0x000000af63b00000)]
  0x000001fa15a0d0b0 JavaThread "ForkJoinPool-8-worker-12" daemon [_thread_blocked, id=39560, stack(0x000000af63b00000,0x000000af63c00000)]
  0x000001f9ff48bd50 JavaThread "C2 CompilerThread1" daemon [_thread_blocked, id=4524, stack(0x000000af63c00000,0x000000af63d00000)]
  0x000001f9ff48d290 JavaThread "C2 CompilerThread2" daemon [_thread_blocked, id=21580, stack(0x000000af63d00000,0x000000af63e00000)]
  0x000001f9ff48c7f0 JavaThread "C2 CompilerThread3" daemon [_thread_blocked, id=37280, stack(0x000000af63e00000,0x000000af63f00000)]
  0x000001f9ff48ed20 JavaThread "C2 CompilerThread4" daemon [_thread_blocked, id=41892, stack(0x000000af63f00000,0x000000af64000000)]
  0x000001f9ff48f270 JavaThread "C2 CompilerThread5" daemon [_thread_blocked, id=3092, stack(0x000000af64000000,0x000000af64100000)]
  0x000001f9ff48c2a0 JavaThread "C2 CompilerThread6" daemon [_thread_blocked, id=41968, stack(0x000000af64100000,0x000000af64200000)]
  0x000001f9ff48e280 JavaThread "C2 CompilerThread7" daemon [_thread_blocked, id=41676, stack(0x000000af64200000,0x000000af64300000)]
  0x000001fa18e94630 JavaThread "WorkerExecutor Queue Thread 13" [_thread_blocked, id=29772, stack(0x000000af64300000,0x000000af64400000)]
  0x000001f9ffd9a8e0 JavaThread "ForkJoinPool-8-worker-13" daemon [_thread_blocked, id=21840, stack(0x000000af64400000,0x000000af64500000)]
  0x000001f9c9dc67b0 JavaThread "ForkJoinPool-8-worker-14" daemon [_thread_blocked, id=4900, stack(0x000000af64500000,0x000000af64600000)]
  0x000001f9d0836210 JavaThread "WorkerExecutor Queue Thread 14" [_thread_blocked, id=26912, stack(0x000000af64600000,0x000000af64700000)]
  0x000001f9d0838580 JavaThread "WorkerExecutor Queue Thread 15" [_thread_blocked, id=40028, stack(0x000000af64700000,0x000000af64800000)]
  0x000001f9d0836c30 JavaThread "WorkerExecutor Queue Thread 16" [_thread_blocked, id=15916, stack(0x000000af64800000,0x000000af64900000)]

Other Threads:
=>0x000001f9f714e010 VMThread "VM Thread" [stack: 0x000000af5aa00000,0x000000af5ab00000] [id=38096]
  0x000001f9f75bcce0 WatcherThread [stack: 0x000000af5b900000,0x000000af5ba00000] [id=34220]
  0x000001f9d1982260 GCTaskThread "GC Thread#0" [stack: 0x000000af5a500000,0x000000af5a600000] [id=26892]
  0x000001f9fd385370 GCTaskThread "GC Thread#1" [stack: 0x000000af5ba00000,0x000000af5bb00000] [id=32632]
  0x000001f9fca69ca0 GCTaskThread "GC Thread#2" [stack: 0x000000af5bb00000,0x000000af5bc00000] [id=5184]
  0x000001f9fc295d50 GCTaskThread "GC Thread#3" [stack: 0x000000af5bd00000,0x000000af5be00000] [id=39496]
  0x000001f9fcc9aec0 GCTaskThread "GC Thread#4" [stack: 0x000000af5be00000,0x000000af5bf00000] [id=21600]
  0x000001f9fcc9b180 GCTaskThread "GC Thread#5" [stack: 0x000000af5bf00000,0x000000af5c000000] [id=40628]
  0x000001f9fcfc8f80 GCTaskThread "GC Thread#6" [stack: 0x000000af5c000000,0x000000af5c100000] [id=7568]
  0x000001f9fcfc8cc0 GCTaskThread "GC Thread#7" [stack: 0x000000af5c100000,0x000000af5c200000] [id=31072]
  0x000001f9fcfc8740 GCTaskThread "GC Thread#8" [stack: 0x000000af5c200000,0x000000af5c300000] [id=23600]
  0x000001f9fcfc9240 GCTaskThread "GC Thread#9" [stack: 0x000000af5c300000,0x000000af5c400000] [id=28700]
  0x000001f9fcfc9a80 GCTaskThread "GC Thread#10" [stack: 0x000000af5c400000,0x000000af5c500000] [id=25412]
  0x000001f9fcfc9500 GCTaskThread "GC Thread#11" [stack: 0x000000af5c500000,0x000000af5c600000] [id=32776]
  0x000001f9fcfc97c0 GCTaskThread "GC Thread#12" [stack: 0x000000af5d400000,0x000000af5d500000] [id=41884]
  0x000001f9d1993220 ConcurrentGCThread "G1 Main Marker" [stack: 0x000000af5a600000,0x000000af5a700000] [id=36976]
  0x000001f9d1995560 ConcurrentGCThread "G1 Conc#0" [stack: 0x000000af5a700000,0x000000af5a800000] [id=43228]
  0x000001f9febdeb40 ConcurrentGCThread "G1 Conc#1" [stack: 0x000000af5d500000,0x000000af5d600000] [id=18564]
  0x000001f9febdcfc0 ConcurrentGCThread "G1 Conc#2" [stack: 0x000000af5d600000,0x000000af5d700000] [id=26928]
  0x000001f9f6a41600 ConcurrentGCThread "G1 Refine#0" [stack: 0x000000af5a800000,0x000000af5a900000] [id=2944]
  0x000001f9b604db30 ConcurrentGCThread "G1 Refine#1" [stack: 0x000000af5e600000,0x000000af5e700000] [id=42912]
  0x000001f9b604b210 ConcurrentGCThread "G1 Refine#2" [stack: 0x000000af5e700000,0x000000af5e800000] [id=38648]
  0x000001f9b604bdd0 ConcurrentGCThread "G1 Refine#3" [stack: 0x000000af5e800000,0x000000af5e900000] [id=30044]
  0x000001f9b897d200 ConcurrentGCThread "G1 Refine#4" [stack: 0x000000af5ea00000,0x000000af5eb00000] [id=4692]
  0x000001f9b8c5f880 ConcurrentGCThread "G1 Refine#5" [stack: 0x000000af62300000,0x000000af62400000] [id=43268]
  0x000001f9b84e9b00 ConcurrentGCThread "G1 Refine#6" [stack: 0x000000af65000000,0x000000af65100000] [id=37056]
  0x000001f9ff6e7f80 ConcurrentGCThread "G1 Refine#7" [stack: 0x000000af65100000,0x000000af65200000] [id=38816]
  0x000001f9b7936e40 ConcurrentGCThread "G1 Refine#8" [stack: 0x000000af65300000,0x000000af65400000] [id=34380]
  0x000001f9c74f1620 ConcurrentGCThread "G1 Refine#9" [stack: 0x000000af65400000,0x000000af65500000] [id=33000]
  0x000001f9ba806f90 ConcurrentGCThread "G1 Refine#10" [stack: 0x000000af65500000,0x000000af65600000] [id=19700]
  0x000001f9bac0ab60 ConcurrentGCThread "G1 Refine#11" [stack: 0x000000af67d00000,0x000000af67e00000] [id=20932]
  0x000001fa043807e0 ConcurrentGCThread "G1 Refine#12" [stack: 0x000000af67e00000,0x000000af67f00000] [id=29260]
  0x000001f9f6a418f0 ConcurrentGCThread "G1 Service" [stack: 0x000000af5a900000,0x000000af5aa00000] [id=31688]

Threads with active compile tasks:
C2 CompilerThread0  5772188 95276       4       java.io.ClassCache::get (39 bytes)
C2 CompilerThread1  5772188 95353       4       com.android.tools.r8.internal.f52::a (330 bytes)
C2 CompilerThread2  5772188 95266       4       org.gradle.execution.plan.MissingTaskDependencyDetector$$Lambda$4020/0x000001f98260ab10::accept (16 bytes)
C2 CompilerThread3  5772188 95329       4       com.android.tools.r8.graph.f2$$Lambda$9253/0x000001f983db9f38::accept (20 bytes)
C2 CompilerThread4  5772188 95346       4       com.android.tools.r8.internal.cz2::a (515 bytes)
C2 CompilerThread5  5772188 95364       4       com.android.tools.r8.ir.optimize.f0::a (556 bytes)
C2 CompilerThread6  5772188 95344 %     4       com.android.tools.r8.internal.g8::b @ 18 (1498 bytes)
C2 CompilerThread7  5772188 95283       4       com.android.tools.r8.kotlin.q::a (348 bytes)

VM state: at safepoint (normal execution)

VM Mutex/Monitor currently owned by a thread:  ([mutex/lock_event])
[0x000001f9d190dff0] Threads_lock - owner thread: 0x000001f9f714e010
[0x000001f9d190e620] Heap_lock - owner thread: 0x000001f9b6fc9000

Heap address: 0x0000000700000000, size: 4096 MB, Compressed Oops mode: Zero based, Oop shift amount: 3

CDS archive(s) mapped at: [0x000001f980000000-0x000001f980bd0000-0x000001f980bd0000), size 12386304, SharedBaseAddress: 0x000001f980000000, ArchiveRelocationMode: 1.
Compressed class space mapped at: 0x000001f981000000-0x000001f9b5000000, reserved size: 872415232
Narrow klass base: 0x000001f980000000, Narrow klass shift: 0, Narrow klass range: 0x100000000

GC Precious Log:
 CPUs: 16 total, 16 available
 Memory: 32485M
 Large Page Support: Disabled
 NUMA Support: Disabled
 Compressed Oops: Enabled (Zero based)
 Heap Region Size: 2M
 Heap Min Capacity: 8M
 Heap Initial Capacity: 508M
 Heap Max Capacity: 4G
 Pre-touch: Disabled
 Parallel Workers: 13
 Concurrent Workers: 3
 Concurrent Refinement Workers: 13
 Periodic GC: Disabled

Heap:
 garbage-first heap   total 2437120K, used 763904K [0x0000000700000000, 0x0000000800000000)
  region size 2048K, 70 young (143360K), 70 survivors (143360K)
 Metaspace       used 516832K, committed 534464K, reserved 1507328K
  class space    used 61427K, committed 66752K, reserved 851968K

Heap Regions: E=young(eden), S=young(survivor), O=old, HS=humongous(starts), HC=humongous(continues), CS=collection set, F=free, OA=open archive, CA=closed archive, TAMS=top-at-mark-start (previous, next)
|   0|0x0000000700000000, 0x0000000700200000, 0x0000000700200000|100%|HS|  |TAMS 0x0000000700200000, 0x0000000700200000| Complete 
|   1|0x0000000700200000, 0x0000000700400000, 0x0000000700400000|100%|HC|  |TAMS 0x0000000700400000, 0x0000000700400000| Complete 
|   2|0x0000000700400000, 0x0000000700600000, 0x0000000700600000|100%| O|  |TAMS 0x0000000700600000, 0x0000000700600000| Untracked 
|   3|0x0000000700600000, 0x0000000700800000, 0x0000000700800000|100%| O|  |TAMS 0x0000000700800000, 0x0000000700800000| Untracked 
|   4|0x0000000700800000, 0x0000000700a00000, 0x0000000700a00000|100%| O|  |TAMS 0x0000000700a00000, 0x0000000700a00000| Untracked 
|   5|0x0000000700a00000, 0x0000000700c00000, 0x0000000700c00000|100%| O|  |TAMS 0x0000000700c00000, 0x0000000700c00000| Untracked 
|   6|0x0000000700c00000, 0x0000000700e00000, 0x0000000700e00000|100%| O|  |TAMS 0x0000000700e00000, 0x0000000700e00000| Untracked 
|   7|0x0000000700e00000, 0x0000000701000000, 0x0000000701000000|100%| O|  |TAMS 0x0000000701000000, 0x0000000701000000| Untracked 
|   8|0x0000000701000000, 0x0000000701200000, 0x0000000701200000|100%| O|  |TAMS 0x0000000701200000, 0x0000000701200000| Untracked 
|   9|0x0000000701200000, 0x0000000701400000, 0x0000000701400000|100%| O|  |TAMS 0x0000000701400000, 0x0000000701400000| Untracked 
|  10|0x0000000701400000, 0x0000000701600000, 0x0000000701600000|100%| O|  |TAMS 0x0000000701600000, 0x0000000701600000| Untracked 
|  11|0x0000000701600000, 0x0000000701800000, 0x0000000701800000|100%| O|  |TAMS 0x0000000701800000, 0x0000000701800000| Untracked 
|  12|0x0000000701800000, 0x0000000701a00000, 0x0000000701a00000|100%| O|  |TAMS 0x0000000701a00000, 0x0000000701a00000| Untracked 
|  13|0x0000000701a00000, 0x0000000701c00000, 0x0000000701c00000|100%| O|  |TAMS 0x0000000701c00000, 0x0000000701c00000| Untracked 
|  14|0x0000000701c00000, 0x0000000701e00000, 0x0000000701e00000|100%| O|  |TAMS 0x0000000701e00000, 0x0000000701e00000| Untracked 
|  15|0x0000000701e00000, 0x0000000702000000, 0x0000000702000000|100%| O|  |TAMS 0x0000000702000000, 0x0000000702000000| Untracked 
|  16|0x0000000702000000, 0x0000000702200000, 0x0000000702200000|100%| O|  |TAMS 0x0000000702200000, 0x0000000702200000| Untracked 
|  17|0x0000000702200000, 0x0000000702400000, 0x0000000702400000|100%| O|  |TAMS 0x0000000702400000, 0x0000000702400000| Untracked 
|  18|0x0000000702400000, 0x0000000702600000, 0x0000000702600000|100%| O|  |TAMS 0x0000000702600000, 0x0000000702600000| Untracked 
|  19|0x0000000702600000, 0x0000000702800000, 0x0000000702800000|100%| O|  |TAMS 0x0000000702800000, 0x0000000702800000| Untracked 
|  20|0x0000000702800000, 0x0000000702a00000, 0x0000000702a00000|100%| O|  |TAMS 0x0000000702a00000, 0x0000000702a00000| Untracked 
|  21|0x0000000702a00000, 0x0000000702c00000, 0x0000000702c00000|100%| O|  |TAMS 0x0000000702a00000, 0x0000000702c00000| Untracked 
|  22|0x0000000702c00000, 0x0000000702e00000, 0x0000000702e00000|100%| O|  |TAMS 0x0000000702e00000, 0x0000000702e00000| Untracked 
|  23|0x0000000702e00000, 0x0000000703000000, 0x0000000703000000|100%| O|  |TAMS 0x0000000703000000, 0x0000000703000000| Untracked 
|  24|0x0000000703000000, 0x0000000703200000, 0x0000000703200000|100%| O|  |TAMS 0x0000000703200000, 0x0000000703200000| Untracked 
|  25|0x0000000703200000, 0x0000000703400000, 0x0000000703400000|100%| O|  |TAMS 0x0000000703400000, 0x0000000703400000| Untracked 
|  26|0x0000000703400000, 0x0000000703600000, 0x0000000703600000|100%| O|  |TAMS 0x0000000703400000, 0x0000000703600000| Untracked 
|  27|0x0000000703600000, 0x0000000703800000, 0x0000000703800000|100%| O|  |TAMS 0x0000000703800000, 0x0000000703800000| Untracked 
|  28|0x0000000703800000, 0x0000000703a00000, 0x0000000703a00000|100%| O|  |TAMS 0x0000000703a00000, 0x0000000703a00000| Untracked 
|  29|0x0000000703a00000, 0x0000000703c00000, 0x0000000703c00000|100%| O|  |TAMS 0x0000000703c00000, 0x0000000703c00000| Untracked 
|  30|0x0000000703c00000, 0x0000000703e00000, 0x0000000703e00000|100%| O|  |TAMS 0x0000000703e00000, 0x0000000703e00000| Untracked 
|  31|0x0000000703e00000, 0x0000000704000000, 0x0000000704000000|100%|HS|  |TAMS 0x0000000704000000, 0x0000000704000000| Complete 
|  32|0x0000000704000000, 0x0000000704200000, 0x0000000704200000|100%| O|  |TAMS 0x0000000704200000, 0x0000000704200000| Untracked 
|  33|0x0000000704200000, 0x0000000704400000, 0x0000000704400000|100%| O|  |TAMS 0x0000000704400000, 0x0000000704400000| Untracked 
|  34|0x0000000704400000, 0x0000000704600000, 0x0000000704600000|100%| O|  |TAMS 0x0000000704600000, 0x0000000704600000| Untracked 
|  35|0x0000000704600000, 0x0000000704800000, 0x0000000704800000|100%| O|  |TAMS 0x0000000704800000, 0x0000000704800000| Untracked 
|  36|0x0000000704800000, 0x0000000704a00000, 0x0000000704a00000|100%| O|  |TAMS 0x0000000704a00000, 0x0000000704a00000| Untracked 
|  37|0x0000000704a00000, 0x0000000704c00000, 0x0000000704c00000|100%| O|  |TAMS 0x0000000704c00000, 0x0000000704c00000| Untracked 
|  38|0x0000000704c00000, 0x0000000704e00000, 0x0000000704e00000|100%| O|  |TAMS 0x0000000704e00000, 0x0000000704e00000| Untracked 
|  39|0x0000000704e00000, 0x0000000705000000, 0x0000000705000000|100%|HS|  |TAMS 0x0000000705000000, 0x0000000705000000| Complete 
|  40|0x0000000705000000, 0x0000000705200000, 0x0000000705200000|100%|HC|  |TAMS 0x0000000705200000, 0x0000000705200000| Complete 
|  41|0x0000000705200000, 0x0000000705400000, 0x0000000705400000|100%| O|  |TAMS 0x0000000705400000, 0x0000000705400000| Untracked 
|  42|0x0000000705400000, 0x0000000705600000, 0x0000000705600000|100%| O|  |TAMS 0x0000000705600000, 0x0000000705600000| Untracked 
|  43|0x0000000705600000, 0x0000000705800000, 0x0000000705800000|100%| O|  |TAMS 0x0000000705800000, 0x0000000705800000| Untracked 
|  44|0x0000000705800000, 0x0000000705a00000, 0x0000000705a00000|100%| O|  |TAMS 0x0000000705800000, 0x0000000705800000| Untracked 
|  45|0x0000000705a00000, 0x0000000705c00000, 0x0000000705c00000|100%| O|  |TAMS 0x0000000705c00000, 0x0000000705c00000| Untracked 
|  46|0x0000000705c00000, 0x0000000705e00000, 0x0000000705e00000|100%| O|  |TAMS 0x0000000705e00000, 0x0000000705e00000| Untracked 
|  47|0x0000000705e00000, 0x0000000706000000, 0x0000000706000000|100%| O|  |TAMS 0x0000000706000000, 0x0000000706000000| Untracked 
|  48|0x0000000706000000, 0x0000000706200000, 0x0000000706200000|100%| O|  |TAMS 0x0000000706200000, 0x0000000706200000| Untracked 
|  49|0x0000000706200000, 0x0000000706400000, 0x0000000706400000|100%| O|  |TAMS 0x0000000706400000, 0x0000000706400000| Untracked 
|  50|0x0000000706400000, 0x0000000706600000, 0x0000000706600000|100%|HS|  |TAMS 0x0000000706600000, 0x0000000706600000| Complete 
|  51|0x0000000706600000, 0x0000000706800000, 0x0000000706800000|100%|HS|  |TAMS 0x0000000706800000, 0x0000000706800000| Complete 
|  52|0x0000000706800000, 0x0000000706a00000, 0x0000000706a00000|100%| O|  |TAMS 0x0000000706a00000, 0x0000000706a00000| Untracked 
|  53|0x0000000706a00000, 0x0000000706c00000, 0x0000000706c00000|100%| O|  |TAMS 0x0000000706c00000, 0x0000000706c00000| Untracked 
|  54|0x0000000706c00000, 0x0000000706e00000, 0x0000000706e00000|100%| O|  |TAMS 0x0000000706e00000, 0x0000000706e00000| Untracked 
|  55|0x0000000706e00000, 0x0000000707000000, 0x0000000707000000|100%| O|  |TAMS 0x0000000707000000, 0x0000000707000000| Untracked 
|  56|0x0000000707000000, 0x0000000707200000, 0x0000000707200000|100%| O|  |TAMS 0x0000000707200000, 0x0000000707200000| Untracked 
|  57|0x0000000707200000, 0x0000000707400000, 0x0000000707400000|100%| O|  |TAMS 0x0000000707200000, 0x0000000707200000| Untracked 
|  58|0x0000000707400000, 0x0000000707600000, 0x0000000707600000|100%| O|  |TAMS 0x0000000707600000, 0x0000000707600000| Untracked 
|  59|0x0000000707600000, 0x0000000707800000, 0x0000000707800000|100%| O|  |TAMS 0x0000000707800000, 0x0000000707800000| Untracked 
|  60|0x0000000707800000, 0x0000000707a00000, 0x0000000707a00000|100%| O|  |TAMS 0x0000000707a00000, 0x0000000707a00000| Untracked 
|  61|0x0000000707a00000, 0x0000000707c00000, 0x0000000707c00000|100%|HS|  |TAMS 0x0000000707c00000, 0x0000000707c00000| Complete 
|  62|0x0000000707c00000, 0x0000000707e00000, 0x0000000707e00000|100%|HS|  |TAMS 0x0000000707e00000, 0x0000000707e00000| Complete 
|  63|0x0000000707e00000, 0x0000000708000000, 0x0000000708000000|100%| O|  |TAMS 0x0000000708000000, 0x0000000708000000| Untracked 
|  64|0x0000000708000000, 0x0000000708200000, 0x0000000708200000|100%| O|  |TAMS 0x0000000708200000, 0x0000000708200000| Untracked 
|  65|0x0000000708200000, 0x0000000708400000, 0x0000000708400000|100%| O|  |TAMS 0x0000000708400000, 0x0000000708400000| Untracked 
|  66|0x0000000708400000, 0x0000000708600000, 0x0000000708600000|100%| O|  |TAMS 0x0000000708600000, 0x0000000708600000| Untracked 
|  67|0x0000000708600000, 0x0000000708800000, 0x0000000708800000|100%| O|  |TAMS 0x0000000708800000, 0x0000000708800000| Untracked 
|  68|0x0000000708800000, 0x0000000708a00000, 0x0000000708a00000|100%| O|  |TAMS 0x0000000708a00000, 0x0000000708a00000| Untracked 
|  69|0x0000000708a00000, 0x0000000708c00000, 0x0000000708c00000|100%| O|  |TAMS 0x0000000708c00000, 0x0000000708c00000| Untracked 
|  70|0x0000000708c00000, 0x0000000708e00000, 0x0000000708e00000|100%| O|  |TAMS 0x0000000708c00000, 0x0000000708c00000| Untracked 
|  71|0x0000000708e00000, 0x0000000709000000, 0x0000000709000000|100%| O|  |TAMS 0x0000000709000000, 0x0000000709000000| Untracked 
|  72|0x0000000709000000, 0x0000000709200000, 0x0000000709200000|100%| O|  |TAMS 0x0000000709200000, 0x0000000709200000| Untracked 
|  73|0x0000000709200000, 0x0000000709400000, 0x0000000709400000|100%| O|  |TAMS 0x0000000709400000, 0x0000000709400000| Untracked 
|  74|0x0000000709400000, 0x0000000709600000, 0x0000000709600000|100%| O|  |TAMS 0x0000000709600000, 0x0000000709600000| Untracked 
|  75|0x0000000709600000, 0x0000000709800000, 0x0000000709800000|100%| O|  |TAMS 0x0000000709800000, 0x0000000709800000| Untracked 
|  76|0x0000000709800000, 0x0000000709a00000, 0x0000000709a00000|100%| O|  |TAMS 0x0000000709800000, 0x0000000709a00000| Untracked 
|  77|0x0000000709a00000, 0x0000000709c00000, 0x0000000709c00000|100%| O|  |TAMS 0x0000000709a00000, 0x0000000709a00000| Untracked 
|  78|0x0000000709c00000, 0x0000000709e00000, 0x0000000709e00000|100%| O|  |TAMS 0x0000000709c00000, 0x0000000709c00000| Untracked 
|  79|0x0000000709e00000, 0x000000070a000000, 0x000000070a000000|100%| O|  |TAMS 0x000000070a000000, 0x000000070a000000| Untracked 
|  80|0x000000070a000000, 0x000000070a200000, 0x000000070a200000|100%|HS|  |TAMS 0x000000070a200000, 0x000000070a200000| Complete 
|  81|0x000000070a200000, 0x000000070a400000, 0x000000070a400000|100%|HC|  |TAMS 0x000000070a400000, 0x000000070a400000| Complete 
|  82|0x000000070a400000, 0x000000070a600000, 0x000000070a600000|100%| O|  |TAMS 0x000000070a600000, 0x000000070a600000| Untracked 
|  83|0x000000070a600000, 0x000000070a800000, 0x000000070a800000|100%| O|  |TAMS 0x000000070a800000, 0x000000070a800000| Untracked 
|  84|0x000000070a800000, 0x000000070aa00000, 0x000000070aa00000|100%| O|  |TAMS 0x000000070aa00000, 0x000000070aa00000| Untracked 
|  85|0x000000070aa00000, 0x000000070ac00000, 0x000000070ac00000|100%| O|  |TAMS 0x000000070ac00000, 0x000000070ac00000| Untracked 
|  86|0x000000070ac00000, 0x000000070ae00000, 0x000000070ae00000|100%| O|  |TAMS 0x000000070ae00000, 0x000000070ae00000| Untracked 
|  87|0x000000070ae00000, 0x000000070b000000, 0x000000070b000000|100%| O|  |TAMS 0x000000070b000000, 0x000000070b000000| Untracked 
|  88|0x000000070b000000, 0x000000070b200000, 0x000000070b200000|100%| O|  |TAMS 0x000000070b000000, 0x000000070b000000| Untracked 
|  89|0x000000070b200000, 0x000000070b400000, 0x000000070b400000|100%| O|  |TAMS 0x000000070b200000, 0x000000070b200000| Untracked 
|  90|0x000000070b400000, 0x000000070b600000, 0x000000070b600000|100%| O|  |TAMS 0x000000070b600000, 0x000000070b600000| Untracked 
|  91|0x000000070b600000, 0x000000070b800000, 0x000000070b800000|100%| O|  |TAMS 0x000000070b800000, 0x000000070b800000| Untracked 
|  92|0x000000070b800000, 0x000000070ba00000, 0x000000070ba00000|100%| O|  |TAMS 0x000000070ba00000, 0x000000070ba00000| Untracked 
|  93|0x000000070ba00000, 0x000000070bc00000, 0x000000070bc00000|100%| O|  |TAMS 0x000000070bc00000, 0x000000070bc00000| Untracked 
|  94|0x000000070bc00000, 0x000000070be00000, 0x000000070be00000|100%| O|  |TAMS 0x000000070be00000, 0x000000070be00000| Untracked 
|  95|0x000000070be00000, 0x000000070c000000, 0x000000070c000000|100%| O|  |TAMS 0x000000070c000000, 0x000000070c000000| Untracked 
|  96|0x000000070c000000, 0x000000070c200000, 0x000000070c200000|100%| O|  |TAMS 0x000000070c200000, 0x000000070c200000| Untracked 
|  97|0x000000070c200000, 0x000000070c400000, 0x000000070c400000|100%| O|  |TAMS 0x000000070c400000, 0x000000070c400000| Untracked 
|  98|0x000000070c400000, 0x000000070c600000, 0x000000070c600000|100%| O|  |TAMS 0x000000070c600000, 0x000000070c600000| Untracked 
|  99|0x000000070c600000, 0x000000070c800000, 0x000000070c800000|100%| O|  |TAMS 0x000000070c600000, 0x000000070c800000| Untracked 
| 100|0x000000070c800000, 0x000000070ca00000, 0x000000070ca00000|100%| O|  |TAMS 0x000000070c800000, 0x000000070c800000| Untracked 
| 101|0x000000070ca00000, 0x000000070cc00000, 0x000000070cc00000|100%| O|  |TAMS 0x000000070ca00000, 0x000000070cc00000| Untracked 
| 102|0x000000070cc00000, 0x000000070ce00000, 0x000000070ce00000|100%| O|  |TAMS 0x000000070cc00000, 0x000000070ce00000| Untracked 
| 103|0x000000070ce00000, 0x000000070d000000, 0x000000070d000000|100%| O|  |TAMS 0x000000070d000000, 0x000000070d000000| Untracked 
| 104|0x000000070d000000, 0x000000070d200000, 0x000000070d200000|100%| O|  |TAMS 0x000000070d000000, 0x000000070d200000| Untracked 
| 105|0x000000070d200000, 0x000000070d400000, 0x000000070d400000|100%| O|  |TAMS 0x000000070d400000, 0x000000070d400000| Untracked 
| 106|0x000000070d400000, 0x000000070d600000, 0x000000070d600000|100%| O|  |TAMS 0x000000070d600000, 0x000000070d600000| Untracked 
| 107|0x000000070d600000, 0x000000070d800000, 0x000000070d800000|100%| O|  |TAMS 0x000000070d600000, 0x000000070d800000| Untracked 
| 108|0x000000070d800000, 0x000000070da00000, 0x000000070da00000|100%| O|  |TAMS 0x000000070da00000, 0x000000070da00000| Untracked 
| 109|0x000000070da00000, 0x000000070dc00000, 0x000000070dc00000|100%| O|  |TAMS 0x000000070da00000, 0x000000070dc00000| Untracked 
| 110|0x000000070dc00000, 0x000000070de00000, 0x000000070de00000|100%| O|  |TAMS 0x000000070dc00000, 0x000000070de00000| Untracked 
| 111|0x000000070de00000, 0x000000070e000000, 0x000000070e000000|100%| O|  |TAMS 0x000000070e000000, 0x000000070e000000| Untracked 
| 112|0x000000070e000000, 0x000000070e200000, 0x000000070e200000|100%| O|  |TAMS 0x000000070e200000, 0x000000070e200000| Untracked 
| 113|0x000000070e200000, 0x000000070e400000, 0x000000070e400000|100%| O|  |TAMS 0x000000070e400000, 0x000000070e400000| Untracked 
| 114|0x000000070e400000, 0x000000070e600000, 0x000000070e600000|100%| O|  |TAMS 0x000000070e600000, 0x000000070e600000| Untracked 
| 115|0x000000070e600000, 0x000000070e800000, 0x000000070e800000|100%| O|  |TAMS 0x000000070e800000, 0x000000070e800000| Untracked 
| 116|0x000000070e800000, 0x000000070ea00000, 0x000000070ea00000|100%| O|  |TAMS 0x000000070ea00000, 0x000000070ea00000| Untracked 
| 117|0x000000070ea00000, 0x000000070ec00000, 0x000000070ec00000|100%| O|  |TAMS 0x000000070ec00000, 0x000000070ec00000| Untracked 
| 118|0x000000070ec00000, 0x000000070ee00000, 0x000000070ee00000|100%| O|  |TAMS 0x000000070ee00000, 0x000000070ee00000| Untracked 
| 119|0x000000070ee00000, 0x000000070f000000, 0x000000070f000000|100%|HS|  |TAMS 0x000000070f000000, 0x000000070f000000| Complete 
| 120|0x000000070f000000, 0x000000070f200000, 0x000000070f200000|100%|HC|  |TAMS 0x000000070f200000, 0x000000070f200000| Complete 
| 121|0x000000070f200000, 0x000000070f400000, 0x000000070f400000|100%|HC|  |TAMS 0x000000070f400000, 0x000000070f400000| Complete 
| 122|0x000000070f400000, 0x000000070f600000, 0x000000070f600000|100%|HC|  |TAMS 0x000000070f600000, 0x000000070f600000| Complete 
| 123|0x000000070f600000, 0x000000070f800000, 0x000000070f800000|100%| O|  |TAMS 0x000000070f800000, 0x000000070f800000| Untracked 
| 124|0x000000070f800000, 0x000000070fa00000, 0x000000070fa00000|100%| O|  |TAMS 0x000000070fa00000, 0x000000070fa00000| Untracked 
| 125|0x000000070fa00000, 0x000000070fc00000, 0x000000070fc00000|100%| O|  |TAMS 0x000000070fc00000, 0x000000070fc00000| Untracked 
| 126|0x000000070fc00000, 0x000000070fe00000, 0x000000070fe00000|100%| O|  |TAMS 0x000000070fc00000, 0x000000070fe00000| Untracked 
| 127|0x000000070fe00000, 0x0000000710000000, 0x0000000710000000|100%| O|  |TAMS 0x0000000710000000, 0x0000000710000000| Untracked 
| 128|0x0000000710000000, 0x0000000710200000, 0x0000000710200000|100%| O|  |TAMS 0x0000000710200000, 0x0000000710200000| Untracked 
| 129|0x0000000710200000, 0x0000000710400000, 0x0000000710400000|100%| O|  |TAMS 0x0000000710400000, 0x0000000710400000| Untracked 
| 130|0x0000000710400000, 0x0000000710600000, 0x0000000710600000|100%| O|  |TAMS 0x0000000710600000, 0x0000000710600000| Untracked 
| 131|0x0000000710600000, 0x0000000710800000, 0x0000000710800000|100%| O|  |TAMS 0x0000000710800000, 0x0000000710800000| Untracked 
| 132|0x0000000710800000, 0x0000000710a00000, 0x0000000710a00000|100%| O|  |TAMS 0x0000000710a00000, 0x0000000710a00000| Untracked 
| 133|0x0000000710a00000, 0x0000000710c00000, 0x0000000710c00000|100%| O|  |TAMS 0x0000000710c00000, 0x0000000710c00000| Untracked 
| 134|0x0000000710c00000, 0x0000000710e00000, 0x0000000710e00000|100%| O|  |TAMS 0x0000000710e00000, 0x0000000710e00000| Untracked 
| 135|0x0000000710e00000, 0x0000000711000000, 0x0000000711000000|100%| O|  |TAMS 0x0000000711000000, 0x0000000711000000| Untracked 
| 136|0x0000000711000000, 0x0000000711200000, 0x0000000711200000|100%| O|  |TAMS 0x0000000711200000, 0x0000000711200000| Untracked 
| 137|0x0000000711200000, 0x0000000711400000, 0x0000000711400000|100%| O|  |TAMS 0x0000000711400000, 0x0000000711400000| Untracked 
| 138|0x0000000711400000, 0x0000000711600000, 0x0000000711600000|100%| O|  |TAMS 0x0000000711600000, 0x0000000711600000| Untracked 
| 139|0x0000000711600000, 0x0000000711800000, 0x0000000711800000|100%| O|  |TAMS 0x0000000711800000, 0x0000000711800000| Untracked 
| 140|0x0000000711800000, 0x0000000711a00000, 0x0000000711a00000|100%| O|  |TAMS 0x0000000711a00000, 0x0000000711a00000| Untracked 
| 141|0x0000000711a00000, 0x0000000711c00000, 0x0000000711c00000|100%| O|  |TAMS 0x0000000711c00000, 0x0000000711c00000| Untracked 
| 142|0x0000000711c00000, 0x0000000711e00000, 0x0000000711e00000|100%| O|  |TAMS 0x0000000711c00000, 0x0000000711e00000| Untracked 
| 143|0x0000000711e00000, 0x0000000712000000, 0x0000000712000000|100%| O|  |TAMS 0x0000000712000000, 0x0000000712000000| Untracked 
| 144|0x0000000712000000, 0x0000000712200000, 0x0000000712200000|100%| O|  |TAMS 0x0000000712200000, 0x0000000712200000| Untracked 
| 145|0x0000000712200000, 0x0000000712400000, 0x0000000712400000|100%| O|  |TAMS 0x0000000712400000, 0x0000000712400000| Untracked 
| 146|0x0000000712400000, 0x0000000712600000, 0x0000000712600000|100%| O|  |TAMS 0x0000000712600000, 0x0000000712600000| Untracked 
| 147|0x0000000712600000, 0x0000000712800000, 0x0000000712800000|100%| O|  |TAMS 0x0000000712800000, 0x0000000712800000| Untracked 
| 148|0x0000000712800000, 0x0000000712a00000, 0x0000000712a00000|100%| O|  |TAMS 0x0000000712a00000, 0x0000000712a00000| Untracked 
| 149|0x0000000712a00000, 0x0000000712c00000, 0x0000000712c00000|100%| O|  |TAMS 0x0000000712a00000, 0x0000000712c00000| Untracked 
| 150|0x0000000712c00000, 0x0000000712e00000, 0x0000000712e00000|100%| O|  |TAMS 0x0000000712e00000, 0x0000000712e00000| Untracked 
| 151|0x0000000712e00000, 0x0000000713000000, 0x0000000713000000|100%| O|  |TAMS 0x0000000713000000, 0x0000000713000000| Untracked 
| 152|0x0000000713000000, 0x0000000713200000, 0x0000000713200000|100%| O|  |TAMS 0x0000000713200000, 0x0000000713200000| Untracked 
| 153|0x0000000713200000, 0x0000000713400000, 0x0000000713400000|100%| O|  |TAMS 0x0000000713400000, 0x0000000713400000| Untracked 
| 154|0x0000000713400000, 0x0000000713600000, 0x0000000713600000|100%| O|  |TAMS 0x0000000713600000, 0x0000000713600000| Untracked 
| 155|0x0000000713600000, 0x0000000713800000, 0x0000000713800000|100%| O|  |TAMS 0x0000000713800000, 0x0000000713800000| Untracked 
| 156|0x0000000713800000, 0x0000000713a00000, 0x0000000713a00000|100%| O|  |TAMS 0x0000000713a00000, 0x0000000713a00000| Untracked 
| 157|0x0000000713a00000, 0x0000000713c00000, 0x0000000713c00000|100%| O|  |TAMS 0x0000000713c00000, 0x0000000713c00000| Untracked 
| 158|0x0000000713c00000, 0x0000000713e00000, 0x0000000713e00000|100%| O|  |TAMS 0x0000000713e00000, 0x0000000713e00000| Untracked 
| 159|0x0000000713e00000, 0x0000000714000000, 0x0000000714000000|100%| O|  |TAMS 0x0000000714000000, 0x0000000714000000| Untracked 
| 160|0x0000000714000000, 0x0000000714200000, 0x0000000714200000|100%| O|  |TAMS 0x0000000714200000, 0x0000000714200000| Untracked 
| 161|0x0000000714200000, 0x0000000714400000, 0x0000000714400000|100%| O|  |TAMS 0x0000000714400000, 0x0000000714400000| Untracked 
| 162|0x0000000714400000, 0x0000000714600000, 0x0000000714600000|100%| O|  |TAMS 0x0000000714600000, 0x0000000714600000| Untracked 
| 163|0x0000000714600000, 0x0000000714800000, 0x0000000714800000|100%| O|  |TAMS 0x0000000714800000, 0x0000000714800000| Untracked 
| 164|0x0000000714800000, 0x0000000714a00000, 0x0000000714a00000|100%| O|  |TAMS 0x0000000714a00000, 0x0000000714a00000| Untracked 
| 165|0x0000000714a00000, 0x0000000714c00000, 0x0000000714c00000|100%| O|  |TAMS 0x0000000714c00000, 0x0000000714c00000| Untracked 
| 166|0x0000000714c00000, 0x0000000714e00000, 0x0000000714e00000|100%| O|  |TAMS 0x0000000714e00000, 0x0000000714e00000| Untracked 
| 167|0x0000000714e00000, 0x0000000715000000, 0x0000000715000000|100%| O|  |TAMS 0x0000000715000000, 0x0000000715000000| Untracked 
| 168|0x0000000715000000, 0x0000000715200000, 0x0000000715200000|100%| O|  |TAMS 0x0000000715000000, 0x0000000715200000| Untracked 
| 169|0x0000000715200000, 0x0000000715400000, 0x0000000715400000|100%| O|  |TAMS 0x0000000715400000, 0x0000000715400000| Untracked 
| 170|0x0000000715400000, 0x0000000715600000, 0x0000000715600000|100%| O|  |TAMS 0x0000000715600000, 0x0000000715600000| Untracked 
| 171|0x0000000715600000, 0x0000000715800000, 0x0000000715800000|100%| O|  |TAMS 0x0000000715800000, 0x0000000715800000| Untracked 
| 172|0x0000000715800000, 0x0000000715a00000, 0x0000000715a00000|100%| O|  |TAMS 0x0000000715a00000, 0x0000000715a00000| Untracked 
| 173|0x0000000715a00000, 0x0000000715c00000, 0x0000000715c00000|100%| O|  |TAMS 0x0000000715c00000, 0x0000000715c00000| Untracked 
| 174|0x0000000715c00000, 0x0000000715e00000, 0x0000000715e00000|100%| O|  |TAMS 0x0000000715c00000, 0x0000000715e00000| Untracked 
| 175|0x0000000715e00000, 0x0000000716000000, 0x0000000716000000|100%| O|  |TAMS 0x0000000716000000, 0x0000000716000000| Untracked 
| 176|0x0000000716000000, 0x0000000716200000, 0x0000000716200000|100%| O|  |TAMS 0x0000000716200000, 0x0000000716200000| Untracked 
| 177|0x0000000716200000, 0x0000000716400000, 0x0000000716400000|100%| O|  |TAMS 0x0000000716400000, 0x0000000716400000| Untracked 
| 178|0x0000000716400000, 0x0000000716600000, 0x0000000716600000|100%| O|  |TAMS 0x0000000716400000, 0x0000000716600000| Untracked 
| 179|0x0000000716600000, 0x0000000716800000, 0x0000000716800000|100%| O|  |TAMS 0x0000000716800000, 0x0000000716800000| Untracked 
| 180|0x0000000716800000, 0x0000000716a00000, 0x0000000716a00000|100%| O|  |TAMS 0x0000000716800000, 0x0000000716a00000| Untracked 
| 181|0x0000000716a00000, 0x0000000716c00000, 0x0000000716c00000|100%| O|  |TAMS 0x0000000716a00000, 0x0000000716c00000| Untracked 
| 182|0x0000000716c00000, 0x0000000716e00000, 0x0000000716e00000|100%| O|  |TAMS 0x0000000716e00000, 0x0000000716e00000| Untracked 
| 183|0x0000000716e00000, 0x0000000717000000, 0x0000000717000000|100%| O|  |TAMS 0x0000000716e00000, 0x0000000717000000| Untracked 
| 184|0x0000000717000000, 0x0000000717200000, 0x0000000717200000|100%| O|  |TAMS 0x0000000717200000, 0x0000000717200000| Untracked 
| 185|0x0000000717200000, 0x0000000717400000, 0x0000000717400000|100%| O|  |TAMS 0x0000000717400000, 0x0000000717400000| Untracked 
| 186|0x0000000717400000, 0x0000000717600000, 0x0000000717600000|100%| O|  |TAMS 0x0000000717600000, 0x0000000717600000| Untracked 
| 187|0x0000000717600000, 0x0000000717800000, 0x0000000717800000|100%|HS|  |TAMS 0x0000000717800000, 0x0000000717800000| Complete 
| 188|0x0000000717800000, 0x0000000717a00000, 0x0000000717a00000|100%|HC|  |TAMS 0x0000000717a00000, 0x0000000717a00000| Complete 
| 189|0x0000000717a00000, 0x0000000717c00000, 0x0000000717c00000|100%| O|  |TAMS 0x0000000717c00000, 0x0000000717c00000| Untracked 
| 190|0x0000000717c00000, 0x0000000717e00000, 0x0000000717e00000|100%| O|  |TAMS 0x0000000717e00000, 0x0000000717e00000| Untracked 
| 191|0x0000000717e00000, 0x0000000718000000, 0x0000000718000000|100%| O|  |TAMS 0x0000000718000000, 0x0000000718000000| Untracked 
| 192|0x0000000718000000, 0x0000000718200000, 0x0000000718200000|100%| O|  |TAMS 0x0000000718000000, 0x0000000718200000| Untracked 
| 193|0x0000000718200000, 0x0000000718400000, 0x0000000718400000|100%| O|  |TAMS 0x0000000718400000, 0x0000000718400000| Untracked 
| 194|0x0000000718400000, 0x0000000718600000, 0x0000000718600000|100%| O|  |TAMS 0x0000000718600000, 0x0000000718600000| Untracked 
| 195|0x0000000718600000, 0x0000000718800000, 0x0000000718800000|100%| O|  |TAMS 0x0000000718800000, 0x0000000718800000| Untracked 
| 196|0x0000000718800000, 0x0000000718a00000, 0x0000000718a00000|100%| O|  |TAMS 0x0000000718a00000, 0x0000000718a00000| Untracked 
| 197|0x0000000718a00000, 0x0000000718c00000, 0x0000000718c00000|100%| O|  |TAMS 0x0000000718a00000, 0x0000000718c00000| Untracked 
| 198|0x0000000718c00000, 0x0000000718e00000, 0x0000000718e00000|100%| O|  |TAMS 0x0000000718e00000, 0x0000000718e00000| Untracked 
| 199|0x0000000718e00000, 0x0000000719000000, 0x0000000719000000|100%| O|  |TAMS 0x0000000719000000, 0x0000000719000000| Untracked 
| 200|0x0000000719000000, 0x0000000719200000, 0x0000000719200000|100%| O|  |TAMS 0x0000000719200000, 0x0000000719200000| Untracked 
| 201|0x0000000719200000, 0x0000000719400000, 0x0000000719400000|100%| O|  |TAMS 0x0000000719400000, 0x0000000719400000| Untracked 
| 202|0x0000000719400000, 0x0000000719600000, 0x0000000719600000|100%| O|  |TAMS 0x0000000719400000, 0x0000000719600000| Untracked 
| 203|0x0000000719600000, 0x0000000719800000, 0x0000000719800000|100%| O|  |TAMS 0x0000000719800000, 0x0000000719800000| Untracked 
| 204|0x0000000719800000, 0x0000000719a00000, 0x0000000719a00000|100%| O|  |TAMS 0x0000000719800000, 0x0000000719a00000| Untracked 
| 205|0x0000000719a00000, 0x0000000719c00000, 0x0000000719c00000|100%| O|  |TAMS 0x0000000719c00000, 0x0000000719c00000| Untracked 
| 206|0x0000000719c00000, 0x0000000719e00000, 0x0000000719e00000|100%| O|  |TAMS 0x0000000719e00000, 0x0000000719e00000| Untracked 
| 207|0x0000000719e00000, 0x000000071a000000, 0x000000071a000000|100%| O|  |TAMS 0x000000071a000000, 0x000000071a000000| Untracked 
| 208|0x000000071a000000, 0x000000071a200000, 0x000000071a200000|100%| O|  |TAMS 0x000000071a200000, 0x000000071a200000| Untracked 
| 209|0x000000071a200000, 0x000000071a400000, 0x000000071a400000|100%|HS|  |TAMS 0x000000071a200000, 0x000000071a400000| Complete 
| 210|0x000000071a400000, 0x000000071a600000, 0x000000071a600000|100%| O|  |TAMS 0x000000071a600000, 0x000000071a600000| Untracked 
| 211|0x000000071a600000, 0x000000071a800000, 0x000000071a800000|100%| O|  |TAMS 0x000000071a800000, 0x000000071a800000| Untracked 
| 212|0x000000071a800000, 0x000000071aa00000, 0x000000071aa00000|100%| O|  |TAMS 0x000000071aa00000, 0x000000071aa00000| Untracked 
| 213|0x000000071aa00000, 0x000000071ac00000, 0x000000071ac00000|100%| O|  |TAMS 0x000000071ac00000, 0x000000071ac00000| Untracked 
| 214|0x000000071ac00000, 0x000000071ae00000, 0x000000071ae00000|100%| O|  |TAMS 0x000000071ac00000, 0x000000071ae00000| Untracked 
| 215|0x000000071ae00000, 0x000000071b000000, 0x000000071b000000|100%| O|  |TAMS 0x000000071b000000, 0x000000071b000000| Untracked 
| 216|0x000000071b000000, 0x000000071b200000, 0x000000071b200000|100%| O|  |TAMS 0x000000071b000000, 0x000000071b200000| Untracked 
| 217|0x000000071b200000, 0x000000071b400000, 0x000000071b400000|100%| O|  |TAMS 0x000000071b400000, 0x000000071b400000| Untracked 
| 218|0x000000071b400000, 0x000000071b600000, 0x000000071b600000|100%| O|  |TAMS 0x000000071b600000, 0x000000071b600000| Untracked 
| 219|0x000000071b600000, 0x000000071b800000, 0x000000071b800000|100%|HS|  |TAMS 0x000000071b800000, 0x000000071b800000| Complete 
| 220|0x000000071b800000, 0x000000071ba00000, 0x000000071ba00000|100%|HC|  |TAMS 0x000000071ba00000, 0x000000071ba00000| Complete 
| 221|0x000000071ba00000, 0x000000071bc00000, 0x000000071bc00000|100%|HC|  |TAMS 0x000000071bc00000, 0x000000071bc00000| Complete 
| 222|0x000000071bc00000, 0x000000071be00000, 0x000000071be00000|100%| O|  |TAMS 0x000000071be00000, 0x000000071be00000| Untracked 
| 223|0x000000071be00000, 0x000000071c000000, 0x000000071c000000|100%| O|  |TAMS 0x000000071c000000, 0x000000071c000000| Untracked 
| 224|0x000000071c000000, 0x000000071c200000, 0x000000071c200000|100%| O|  |TAMS 0x000000071c200000, 0x000000071c200000| Untracked 
| 225|0x000000071c200000, 0x000000071c400000, 0x000000071c400000|100%| O|  |TAMS 0x000000071c400000, 0x000000071c400000| Untracked 
| 226|0x000000071c400000, 0x000000071c600000, 0x000000071c600000|100%| O|  |TAMS 0x000000071c600000, 0x000000071c600000| Untracked 
| 227|0x000000071c600000, 0x000000071c800000, 0x000000071c800000|100%| O|  |TAMS 0x000000071c600000, 0x000000071c800000| Untracked 
| 228|0x000000071c800000, 0x000000071ca00000, 0x000000071ca00000|100%| O|  |TAMS 0x000000071c800000, 0x000000071ca00000| Untracked 
| 229|0x000000071ca00000, 0x000000071cc00000, 0x000000071cc00000|100%| O|  |TAMS 0x000000071cc00000, 0x000000071cc00000| Untracked 
| 230|0x000000071cc00000, 0x000000071ce00000, 0x000000071ce00000|100%| O|  |TAMS 0x000000071ce00000, 0x000000071ce00000| Untracked 
| 231|0x000000071ce00000, 0x000000071d000000, 0x000000071d000000|100%| O|  |TAMS 0x000000071d000000, 0x000000071d000000| Untracked 
| 232|0x000000071d000000, 0x000000071d200000, 0x000000071d200000|100%| O|  |TAMS 0x000000071d200000, 0x000000071d200000| Untracked 
| 233|0x000000071d200000, 0x000000071d400000, 0x000000071d400000|100%| O|  |TAMS 0x000000071d400000, 0x000000071d400000| Untracked 
| 234|0x000000071d400000, 0x000000071d600000, 0x000000071d600000|100%| O|  |TAMS 0x000000071d600000, 0x000000071d600000| Untracked 
| 235|0x000000071d600000, 0x000000071d800000, 0x000000071d800000|100%| O|  |TAMS 0x000000071d800000, 0x000000071d800000| Untracked 
| 236|0x000000071d800000, 0x000000071da00000, 0x000000071da00000|100%| O|  |TAMS 0x000000071da00000, 0x000000071da00000| Untracked 
| 237|0x000000071da00000, 0x000000071dc00000, 0x000000071dc00000|100%| O|  |TAMS 0x000000071dc00000, 0x000000071dc00000| Untracked 
| 238|0x000000071dc00000, 0x000000071de00000, 0x000000071de00000|100%| O|  |TAMS 0x000000071de00000, 0x000000071de00000| Untracked 
| 239|0x000000071de00000, 0x000000071e000000, 0x000000071e000000|100%| O|  |TAMS 0x000000071e000000, 0x000000071e000000| Untracked 
| 240|0x000000071e000000, 0x000000071e200000, 0x000000071e200000|100%| O|  |TAMS 0x000000071e200000, 0x000000071e200000| Untracked 
| 241|0x000000071e200000, 0x000000071e400000, 0x000000071e400000|100%| O|  |TAMS 0x000000071e400000, 0x000000071e400000| Untracked 
| 242|0x000000071e400000, 0x000000071e600000, 0x000000071e600000|100%| O|  |TAMS 0x000000071e600000, 0x000000071e600000| Untracked 
| 243|0x000000071e600000, 0x000000071e800000, 0x000000071e800000|100%| O|  |TAMS 0x000000071e600000, 0x000000071e800000| Untracked 
| 244|0x000000071e800000, 0x000000071ea00000, 0x000000071ea00000|100%| O|  |TAMS 0x000000071ea00000, 0x000000071ea00000| Untracked 
| 245|0x000000071ea00000, 0x000000071ec00000, 0x000000071ec00000|100%| O|  |TAMS 0x000000071ec00000, 0x000000071ec00000| Untracked 
| 246|0x000000071ec00000, 0x000000071ee00000, 0x000000071ee00000|100%| O|  |TAMS 0x000000071ee00000, 0x000000071ee00000| Untracked 
| 247|0x000000071ee00000, 0x000000071f000000, 0x000000071f000000|100%| O|  |TAMS 0x000000071ee00000, 0x000000071f000000| Untracked 
| 248|0x000000071f000000, 0x000000071f200000, 0x000000071f200000|100%| O|  |TAMS 0x000000071f000000, 0x000000071f200000| Untracked 
| 249|0x000000071f200000, 0x000000071f400000, 0x000000071f400000|100%| O|  |TAMS 0x000000071f400000, 0x000000071f400000| Untracked 
| 250|0x000000071f400000, 0x000000071f600000, 0x000000071f600000|100%| O|  |TAMS 0x000000071f600000, 0x000000071f600000| Untracked 
| 251|0x000000071f600000, 0x000000071f800000, 0x000000071f800000|100%| O|  |TAMS 0x000000071f600000, 0x000000071f800000| Untracked 
| 252|0x000000071f800000, 0x000000071fa00000, 0x000000071fa00000|100%| O|  |TAMS 0x000000071fa00000, 0x000000071fa00000| Untracked 
| 253|0x000000071fa00000, 0x000000071fc00000, 0x000000071fc00000|100%| O|  |TAMS 0x000000071fa00000, 0x000000071fc00000| Untracked 
| 254|0x000000071fc00000, 0x000000071fe00000, 0x000000071fe00000|100%| O|  |TAMS 0x000000071fc00000, 0x000000071fe00000| Untracked 
| 255|0x000000071fe00000, 0x0000000720000000, 0x0000000720000000|100%| O|  |TAMS 0x000000071fe00000, 0x0000000720000000| Untracked 
| 256|0x0000000720000000, 0x0000000720200000, 0x0000000720200000|100%| O|  |TAMS 0x0000000720000000, 0x0000000720200000| Untracked 
| 257|0x0000000720200000, 0x0000000720400000, 0x0000000720400000|100%| O|  |TAMS 0x0000000720200000, 0x0000000720400000| Untracked 
| 258|0x0000000720400000, 0x0000000720600000, 0x0000000720600000|100%| O|  |TAMS 0x0000000720400000, 0x000000072051c200| Untracked 
| 259|0x0000000720600000, 0x0000000720800000, 0x0000000720800000|100%| O|  |TAMS 0x0000000720800000, 0x0000000720800000| Untracked 
| 260|0x0000000720800000, 0x0000000720a00000, 0x0000000720a00000|100%| O|  |TAMS 0x0000000720800000, 0x0000000720800000| Untracked 
| 261|0x0000000720a00000, 0x0000000720c00000, 0x0000000720c00000|100%| O|  |TAMS 0x0000000720a00000, 0x0000000720a00000| Untracked 
| 262|0x0000000720c00000, 0x0000000720e00000, 0x0000000720e00000|100%| O|  |TAMS 0x0000000720c00000, 0x0000000720c00000| Untracked 
| 263|0x0000000720e00000, 0x0000000721000000, 0x0000000721000000|100%| O|  |TAMS 0x0000000721000000, 0x0000000721000000| Untracked 
| 264|0x0000000721000000, 0x0000000721200000, 0x0000000721200000|100%| O|  |TAMS 0x0000000721000000, 0x0000000721000000| Untracked 
| 265|0x0000000721200000, 0x0000000721400000, 0x0000000721400000|100%| O|  |TAMS 0x0000000721200000, 0x0000000721200000| Untracked 
| 266|0x0000000721400000, 0x0000000721600000, 0x0000000721600000|100%| O|  |TAMS 0x0000000721400000, 0x0000000721400000| Untracked 
| 267|0x0000000721600000, 0x0000000721800000, 0x0000000721800000|100%| O|  |TAMS 0x0000000721600000, 0x0000000721600000| Untracked 
| 268|0x0000000721800000, 0x0000000721a00000, 0x0000000721a00000|100%| O|  |TAMS 0x0000000721800000, 0x0000000721800000| Untracked 
| 269|0x0000000721a00000, 0x0000000721c00000, 0x0000000721c00000|100%| O|  |TAMS 0x0000000721a00000, 0x0000000721a00000| Untracked 
| 270|0x0000000721c00000, 0x0000000721e00000, 0x0000000721e00000|100%| O|  |TAMS 0x0000000721c00000, 0x0000000721c00000| Untracked 
| 271|0x0000000721e00000, 0x0000000722000000, 0x0000000722000000|100%| O|  |TAMS 0x0000000721e00000, 0x0000000721e00000| Untracked 
| 272|0x0000000722000000, 0x0000000722200000, 0x0000000722200000|100%| O|  |TAMS 0x0000000722000000, 0x0000000722000000| Untracked 
| 273|0x0000000722200000, 0x0000000722400000, 0x0000000722400000|100%| O|  |TAMS 0x0000000722200000, 0x0000000722200000| Untracked 
| 274|0x0000000722400000, 0x0000000722600000, 0x0000000722600000|100%| O|  |TAMS 0x0000000722400000, 0x0000000722400000| Untracked 
| 275|0x0000000722600000, 0x0000000722800000, 0x0000000722800000|100%| O|  |TAMS 0x0000000722600000, 0x0000000722600000| Untracked 
| 276|0x0000000722800000, 0x0000000722a00000, 0x0000000722a00000|100%| O|  |TAMS 0x0000000722800000, 0x0000000722800000| Untracked 
| 277|0x0000000722a00000, 0x0000000722c00000, 0x0000000722c00000|100%| O|  |TAMS 0x0000000722a00000, 0x0000000722a00000| Untracked 
| 278|0x0000000722c00000, 0x0000000722e00000, 0x0000000722e00000|100%| O|  |TAMS 0x0000000722c00000, 0x0000000722c00000| Untracked 
| 279|0x0000000722e00000, 0x0000000723000000, 0x0000000723000000|100%| O|  |TAMS 0x0000000723000000, 0x0000000723000000| Untracked 
| 280|0x0000000723000000, 0x0000000723200000, 0x0000000723200000|100%| O|  |TAMS 0x0000000723000000, 0x0000000723000000| Untracked 
| 281|0x0000000723200000, 0x0000000723400000, 0x0000000723400000|100%| O|  |TAMS 0x0000000723400000, 0x0000000723400000| Untracked 
| 282|0x0000000723400000, 0x0000000723600000, 0x0000000723600000|100%| O|  |TAMS 0x0000000723400000, 0x0000000723400000| Untracked 
| 283|0x0000000723600000, 0x0000000723800000, 0x0000000723800000|100%| O|  |TAMS 0x0000000723600000, 0x0000000723600000| Untracked 
| 284|0x0000000723800000, 0x0000000723a00000, 0x0000000723a00000|100%| O|  |TAMS 0x0000000723800000, 0x0000000723800000| Untracked 
| 285|0x0000000723a00000, 0x0000000723c00000, 0x0000000723c00000|100%| O|  |TAMS 0x0000000723a00000, 0x0000000723a00000| Untracked 
| 286|0x0000000723c00000, 0x0000000723c00000, 0x0000000723e00000|  0%| F|  |TAMS 0x0000000723c00000, 0x0000000723c00000| Untracked 
| 287|0x0000000723e00000, 0x0000000724000000, 0x0000000724000000|100%| O|  |TAMS 0x0000000724000000, 0x0000000724000000| Untracked 
| 288|0x0000000724000000, 0x0000000724000000, 0x0000000724200000|  0%| F|  |TAMS 0x0000000724000000, 0x0000000724000000| Untracked 
| 289|0x0000000724200000, 0x0000000724200000, 0x0000000724400000|  0%| F|  |TAMS 0x0000000724200000, 0x0000000724200000| Untracked 
| 290|0x0000000724400000, 0x0000000724400000, 0x0000000724600000|  0%| F|  |TAMS 0x0000000724400000, 0x0000000724400000| Untracked 
| 291|0x0000000724600000, 0x0000000724600000, 0x0000000724800000|  0%| F|  |TAMS 0x0000000724600000, 0x0000000724600000| Untracked 
| 292|0x0000000724800000, 0x0000000724800000, 0x0000000724a00000|  0%| F|  |TAMS 0x0000000724800000, 0x0000000724800000| Untracked 
| 293|0x0000000724a00000, 0x0000000724a00000, 0x0000000724c00000|  0%| F|  |TAMS 0x0000000724a00000, 0x0000000724a00000| Untracked 
| 294|0x0000000724c00000, 0x0000000724c00000, 0x0000000724e00000|  0%| F|  |TAMS 0x0000000724c00000, 0x0000000724c00000| Untracked 
| 295|0x0000000724e00000, 0x0000000724e00000, 0x0000000725000000|  0%| F|  |TAMS 0x0000000724e00000, 0x0000000724e00000| Untracked 
| 296|0x0000000725000000, 0x0000000725000000, 0x0000000725200000|  0%| F|  |TAMS 0x0000000725000000, 0x0000000725000000| Untracked 
| 297|0x0000000725200000, 0x0000000725200000, 0x0000000725400000|  0%| F|  |TAMS 0x0000000725200000, 0x0000000725200000| Untracked 
| 298|0x0000000725400000, 0x0000000725400000, 0x0000000725600000|  0%| F|  |TAMS 0x0000000725400000, 0x0000000725400000| Untracked 
| 299|0x0000000725600000, 0x0000000725600000, 0x0000000725800000|  0%| F|  |TAMS 0x0000000725600000, 0x0000000725600000| Untracked 
| 300|0x0000000725800000, 0x0000000725800000, 0x0000000725a00000|  0%| F|  |TAMS 0x0000000725800000, 0x0000000725800000| Untracked 
| 301|0x0000000725a00000, 0x0000000725a00000, 0x0000000725c00000|  0%| F|  |TAMS 0x0000000725a00000, 0x0000000725a00000| Untracked 
| 302|0x0000000725c00000, 0x0000000725e00000, 0x0000000725e00000|100%| O|  |TAMS 0x0000000725e00000, 0x0000000725e00000| Untracked 
| 303|0x0000000725e00000, 0x0000000725e00000, 0x0000000726000000|  0%| F|  |TAMS 0x0000000725e00000, 0x0000000725e00000| Untracked 
| 304|0x0000000726000000, 0x0000000726000000, 0x0000000726200000|  0%| F|  |TAMS 0x0000000726000000, 0x0000000726000000| Untracked 
| 305|0x0000000726200000, 0x0000000726200000, 0x0000000726400000|  0%| F|  |TAMS 0x0000000726200000, 0x0000000726200000| Untracked 
| 306|0x0000000726400000, 0x0000000726400000, 0x0000000726600000|  0%| F|  |TAMS 0x0000000726400000, 0x0000000726400000| Untracked 
| 307|0x0000000726600000, 0x0000000726600000, 0x0000000726800000|  0%| F|  |TAMS 0x0000000726600000, 0x0000000726600000| Untracked 
| 308|0x0000000726800000, 0x0000000726800000, 0x0000000726a00000|  0%| F|  |TAMS 0x0000000726800000, 0x0000000726800000| Untracked 
| 309|0x0000000726a00000, 0x0000000726a00000, 0x0000000726c00000|  0%| F|  |TAMS 0x0000000726a00000, 0x0000000726a00000| Untracked 
| 310|0x0000000726c00000, 0x0000000726c00000, 0x0000000726e00000|  0%| F|  |TAMS 0x0000000726c00000, 0x0000000726c00000| Untracked 
| 311|0x0000000726e00000, 0x0000000726e00000, 0x0000000727000000|  0%| F|  |TAMS 0x0000000726e00000, 0x0000000726e00000| Untracked 
| 312|0x0000000727000000, 0x0000000727000000, 0x0000000727200000|  0%| F|  |TAMS 0x0000000727000000, 0x0000000727000000| Untracked 
| 313|0x0000000727200000, 0x0000000727200000, 0x0000000727400000|  0%| F|  |TAMS 0x0000000727200000, 0x0000000727200000| Untracked 
| 314|0x0000000727400000, 0x0000000727400000, 0x0000000727600000|  0%| F|  |TAMS 0x0000000727400000, 0x0000000727400000| Untracked 
| 315|0x0000000727600000, 0x0000000727600000, 0x0000000727800000|  0%| F|  |TAMS 0x0000000727600000, 0x0000000727600000| Untracked 
| 316|0x0000000727800000, 0x0000000727800000, 0x0000000727a00000|  0%| F|  |TAMS 0x0000000727800000, 0x0000000727800000| Untracked 
| 317|0x0000000727a00000, 0x0000000727a00000, 0x0000000727c00000|  0%| F|  |TAMS 0x0000000727a00000, 0x0000000727a00000| Untracked 
| 318|0x0000000727c00000, 0x0000000727c00000, 0x0000000727e00000|  0%| F|  |TAMS 0x0000000727c00000, 0x0000000727c00000| Untracked 
| 319|0x0000000727e00000, 0x0000000727e00000, 0x0000000728000000|  0%| F|  |TAMS 0x0000000727e00000, 0x0000000727e00000| Untracked 
| 320|0x0000000728000000, 0x0000000728000000, 0x0000000728200000|  0%| F|  |TAMS 0x0000000728000000, 0x0000000728000000| Untracked 
| 321|0x0000000728200000, 0x0000000728200000, 0x0000000728400000|  0%| F|  |TAMS 0x0000000728200000, 0x0000000728200000| Untracked 
| 322|0x0000000728400000, 0x0000000728400000, 0x0000000728600000|  0%| F|  |TAMS 0x0000000728400000, 0x0000000728400000| Untracked 
| 323|0x0000000728600000, 0x0000000728600000, 0x0000000728800000|  0%| F|  |TAMS 0x0000000728600000, 0x0000000728600000| Untracked 
| 324|0x0000000728800000, 0x0000000728800000, 0x0000000728a00000|  0%| F|  |TAMS 0x0000000728800000, 0x0000000728800000| Untracked 
| 325|0x0000000728a00000, 0x0000000728a00000, 0x0000000728c00000|  0%| F|  |TAMS 0x0000000728a00000, 0x0000000728a00000| Untracked 
| 326|0x0000000728c00000, 0x0000000728c00000, 0x0000000728e00000|  0%| F|  |TAMS 0x0000000728c00000, 0x0000000728c00000| Untracked 
| 327|0x0000000728e00000, 0x0000000728e00000, 0x0000000729000000|  0%| F|  |TAMS 0x0000000728e00000, 0x0000000728e00000| Untracked 
| 328|0x0000000729000000, 0x0000000729000000, 0x0000000729200000|  0%| F|  |TAMS 0x0000000729000000, 0x0000000729000000| Untracked 
| 329|0x0000000729200000, 0x0000000729200000, 0x0000000729400000|  0%| F|  |TAMS 0x0000000729200000, 0x0000000729200000| Untracked 
| 330|0x0000000729400000, 0x0000000729400000, 0x0000000729600000|  0%| F|  |TAMS 0x0000000729400000, 0x0000000729400000| Untracked 
| 331|0x0000000729600000, 0x0000000729600000, 0x0000000729800000|  0%| F|  |TAMS 0x0000000729600000, 0x0000000729600000| Untracked 
| 332|0x0000000729800000, 0x0000000729800000, 0x0000000729a00000|  0%| F|  |TAMS 0x0000000729800000, 0x0000000729800000| Untracked 
| 333|0x0000000729a00000, 0x0000000729a00000, 0x0000000729c00000|  0%| F|  |TAMS 0x0000000729a00000, 0x0000000729a00000| Untracked 
| 334|0x0000000729c00000, 0x0000000729c00000, 0x0000000729e00000|  0%| F|  |TAMS 0x0000000729c00000, 0x0000000729c00000| Untracked 
| 335|0x0000000729e00000, 0x0000000729e00000, 0x000000072a000000|  0%| F|  |TAMS 0x0000000729e00000, 0x0000000729e00000| Untracked 
| 336|0x000000072a000000, 0x000000072a000000, 0x000000072a200000|  0%| F|  |TAMS 0x000000072a000000, 0x000000072a000000| Untracked 
| 337|0x000000072a200000, 0x000000072a400000, 0x000000072a400000|100%| O|  |TAMS 0x000000072a400000, 0x000000072a400000| Untracked 
| 338|0x000000072a400000, 0x000000072a600000, 0x000000072a600000|100%| O|  |TAMS 0x000000072a600000, 0x000000072a600000| Untracked 
| 339|0x000000072a600000, 0x000000072a800000, 0x000000072a800000|100%| O|  |TAMS 0x000000072a800000, 0x000000072a800000| Untracked 
| 340|0x000000072a800000, 0x000000072a800000, 0x000000072aa00000|  0%| F|  |TAMS 0x000000072a800000, 0x000000072a800000| Untracked 
| 341|0x000000072aa00000, 0x000000072ac00000, 0x000000072ac00000|100%| O|  |TAMS 0x000000072ac00000, 0x000000072ac00000| Untracked 
| 342|0x000000072ac00000, 0x000000072ae00000, 0x000000072ae00000|100%| O|  |TAMS 0x000000072ae00000, 0x000000072ae00000| Untracked 
| 343|0x000000072ae00000, 0x000000072ae00000, 0x000000072b000000|  0%| F|  |TAMS 0x000000072ae00000, 0x000000072ae00000| Untracked 
| 344|0x000000072b000000, 0x000000072b000000, 0x000000072b200000|  0%| F|  |TAMS 0x000000072b000000, 0x000000072b000000| Untracked 
| 345|0x000000072b200000, 0x000000072b200000, 0x000000072b400000|  0%| F|  |TAMS 0x000000072b200000, 0x000000072b200000| Untracked 
| 346|0x000000072b400000, 0x000000072b400000, 0x000000072b600000|  0%| F|  |TAMS 0x000000072b400000, 0x000000072b400000| Untracked 
| 347|0x000000072b600000, 0x000000072b600000, 0x000000072b800000|  0%| F|  |TAMS 0x000000072b600000, 0x000000072b600000| Untracked 
| 348|0x000000072b800000, 0x000000072b800000, 0x000000072ba00000|  0%| F|  |TAMS 0x000000072b800000, 0x000000072b800000| Untracked 
| 349|0x000000072ba00000, 0x000000072ba00000, 0x000000072bc00000|  0%| F|  |TAMS 0x000000072ba00000, 0x000000072ba00000| Untracked 
| 350|0x000000072bc00000, 0x000000072bc00000, 0x000000072be00000|  0%| F|  |TAMS 0x000000072bc00000, 0x000000072bc00000| Untracked 
| 351|0x000000072be00000, 0x000000072be00000, 0x000000072c000000|  0%| F|  |TAMS 0x000000072be00000, 0x000000072be00000| Untracked 
| 352|0x000000072c000000, 0x000000072c200000, 0x000000072c200000|100%| O|  |TAMS 0x000000072c200000, 0x000000072c200000| Untracked 
| 353|0x000000072c200000, 0x000000072c200000, 0x000000072c400000|  0%| F|  |TAMS 0x000000072c200000, 0x000000072c200000| Untracked 
| 354|0x000000072c400000, 0x000000072c400000, 0x000000072c600000|  0%| F|  |TAMS 0x000000072c400000, 0x000000072c400000| Untracked 
| 355|0x000000072c600000, 0x000000072c600000, 0x000000072c800000|  0%| F|  |TAMS 0x000000072c600000, 0x000000072c600000| Untracked 
| 356|0x000000072c800000, 0x000000072c800000, 0x000000072ca00000|  0%| F|  |TAMS 0x000000072c800000, 0x000000072c800000| Untracked 
| 357|0x000000072ca00000, 0x000000072ca00000, 0x000000072cc00000|  0%| F|  |TAMS 0x000000072ca00000, 0x000000072ca00000| Untracked 
| 358|0x000000072cc00000, 0x000000072cc00000, 0x000000072ce00000|  0%| F|  |TAMS 0x000000072cc00000, 0x000000072cc00000| Untracked 
| 359|0x000000072ce00000, 0x000000072ce00000, 0x000000072d000000|  0%| F|  |TAMS 0x000000072ce00000, 0x000000072ce00000| Untracked 
| 360|0x000000072d000000, 0x000000072d000000, 0x000000072d200000|  0%| F|  |TAMS 0x000000072d000000, 0x000000072d000000| Untracked 
| 361|0x000000072d200000, 0x000000072d200000, 0x000000072d400000|  0%| F|  |TAMS 0x000000072d200000, 0x000000072d200000| Untracked 
| 362|0x000000072d400000, 0x000000072d400000, 0x000000072d600000|  0%| F|  |TAMS 0x000000072d400000, 0x000000072d400000| Untracked 
| 363|0x000000072d600000, 0x000000072d600000, 0x000000072d800000|  0%| F|  |TAMS 0x000000072d600000, 0x000000072d600000| Untracked 
| 364|0x000000072d800000, 0x000000072d800000, 0x000000072da00000|  0%| F|  |TAMS 0x000000072d800000, 0x000000072d800000| Untracked 
| 365|0x000000072da00000, 0x000000072da00000, 0x000000072dc00000|  0%| F|  |TAMS 0x000000072da00000, 0x000000072da00000| Untracked 
| 366|0x000000072dc00000, 0x000000072dc00000, 0x000000072de00000|  0%| F|  |TAMS 0x000000072dc00000, 0x000000072dc00000| Untracked 
| 367|0x000000072de00000, 0x000000072de00000, 0x000000072e000000|  0%| F|  |TAMS 0x000000072de00000, 0x000000072de00000| Untracked 
| 368|0x000000072e000000, 0x000000072e000000, 0x000000072e200000|  0%| F|  |TAMS 0x000000072e000000, 0x000000072e000000| Untracked 
| 369|0x000000072e200000, 0x000000072e200000, 0x000000072e400000|  0%| F|  |TAMS 0x000000072e200000, 0x000000072e200000| Untracked 
| 370|0x000000072e400000, 0x000000072e400000, 0x000000072e600000|  0%| F|  |TAMS 0x000000072e400000, 0x000000072e400000| Untracked 
| 371|0x000000072e600000, 0x000000072e600000, 0x000000072e800000|  0%| F|  |TAMS 0x000000072e600000, 0x000000072e600000| Untracked 
| 372|0x000000072e800000, 0x000000072ea00000, 0x000000072ea00000|100%| O|  |TAMS 0x000000072ea00000, 0x000000072ea00000| Untracked 
| 373|0x000000072ea00000, 0x000000072ea00000, 0x000000072ec00000|  0%| F|  |TAMS 0x000000072ea00000, 0x000000072ea00000| Untracked 
| 374|0x000000072ec00000, 0x000000072ec00000, 0x000000072ee00000|  0%| F|  |TAMS 0x000000072ec00000, 0x000000072ec00000| Untracked 
| 375|0x000000072ee00000, 0x000000072f000000, 0x000000072f000000|100%| O|  |TAMS 0x000000072f000000, 0x000000072f000000| Untracked 
| 376|0x000000072f000000, 0x000000072f200000, 0x000000072f200000|100%| O|  |TAMS 0x000000072f200000, 0x000000072f200000| Untracked 
| 377|0x000000072f200000, 0x000000072f400000, 0x000000072f400000|100%| O|  |TAMS 0x000000072f400000, 0x000000072f400000| Untracked 
| 378|0x000000072f400000, 0x000000072f400000, 0x000000072f600000|  0%| F|  |TAMS 0x000000072f400000, 0x000000072f400000| Untracked 
| 379|0x000000072f600000, 0x000000072f600000, 0x000000072f800000|  0%| F|  |TAMS 0x000000072f600000, 0x000000072f600000| Untracked 
| 380|0x000000072f800000, 0x000000072f800000, 0x000000072fa00000|  0%| F|  |TAMS 0x000000072f800000, 0x000000072f800000| Untracked 
| 381|0x000000072fa00000, 0x000000072fa00000, 0x000000072fc00000|  0%| F|  |TAMS 0x000000072fa00000, 0x000000072fa00000| Untracked 
| 382|0x000000072fc00000, 0x000000072fc00000, 0x000000072fe00000|  0%| F|  |TAMS 0x000000072fc00000, 0x000000072fc00000| Untracked 
| 383|0x000000072fe00000, 0x000000072fe00000, 0x0000000730000000|  0%| F|  |TAMS 0x000000072fe00000, 0x000000072fe00000| Untracked 
| 384|0x0000000730000000, 0x0000000730000000, 0x0000000730200000|  0%| F|  |TAMS 0x0000000730000000, 0x0000000730000000| Untracked 
| 385|0x0000000730200000, 0x0000000730200000, 0x0000000730400000|  0%| F|  |TAMS 0x0000000730200000, 0x0000000730200000| Untracked 
| 386|0x0000000730400000, 0x0000000730400000, 0x0000000730600000|  0%| F|  |TAMS 0x0000000730400000, 0x0000000730400000| Untracked 
| 387|0x0000000730600000, 0x0000000730600000, 0x0000000730800000|  0%| F|  |TAMS 0x0000000730600000, 0x0000000730600000| Untracked 
| 388|0x0000000730800000, 0x0000000730800000, 0x0000000730a00000|  0%| F|  |TAMS 0x0000000730800000, 0x0000000730800000| Untracked 
| 389|0x0000000730a00000, 0x0000000730a00000, 0x0000000730c00000|  0%| F|  |TAMS 0x0000000730a00000, 0x0000000730a00000| Untracked 
| 390|0x0000000730c00000, 0x0000000730e00000, 0x0000000730e00000|100%| O|  |TAMS 0x0000000730e00000, 0x0000000730e00000| Untracked 
| 391|0x0000000730e00000, 0x0000000731000000, 0x0000000731000000|100%| O|  |TAMS 0x0000000731000000, 0x0000000731000000| Untracked 
| 392|0x0000000731000000, 0x0000000731000000, 0x0000000731200000|  0%| F|  |TAMS 0x0000000731000000, 0x0000000731000000| Untracked 
| 393|0x0000000731200000, 0x0000000731200000, 0x0000000731400000|  0%| F|  |TAMS 0x0000000731200000, 0x0000000731200000| Untracked 
| 394|0x0000000731400000, 0x0000000731400000, 0x0000000731600000|  0%| F|  |TAMS 0x0000000731400000, 0x0000000731400000| Untracked 
| 395|0x0000000731600000, 0x0000000731600000, 0x0000000731800000|  0%| F|  |TAMS 0x0000000731600000, 0x0000000731600000| Untracked 
| 396|0x0000000731800000, 0x0000000731800000, 0x0000000731a00000|  0%| F|  |TAMS 0x0000000731800000, 0x0000000731800000| Untracked 
| 397|0x0000000731a00000, 0x0000000731a00000, 0x0000000731c00000|  0%| F|  |TAMS 0x0000000731a00000, 0x0000000731a00000| Untracked 
| 398|0x0000000731c00000, 0x0000000731e00000, 0x0000000731e00000|100%| O|  |TAMS 0x0000000731e00000, 0x0000000731e00000| Untracked 
| 399|0x0000000731e00000, 0x0000000731e00000, 0x0000000732000000|  0%| F|  |TAMS 0x0000000731e00000, 0x0000000731e00000| Untracked 
| 400|0x0000000732000000, 0x0000000732000000, 0x0000000732200000|  0%| F|  |TAMS 0x0000000732000000, 0x0000000732000000| Untracked 
| 401|0x0000000732200000, 0x0000000732200000, 0x0000000732400000|  0%| F|  |TAMS 0x0000000732200000, 0x0000000732200000| Untracked 
| 402|0x0000000732400000, 0x0000000732400000, 0x0000000732600000|  0%| F|  |TAMS 0x0000000732400000, 0x0000000732400000| Untracked 
| 403|0x0000000732600000, 0x0000000732600000, 0x0000000732800000|  0%| F|  |TAMS 0x0000000732600000, 0x0000000732600000| Untracked 
| 404|0x0000000732800000, 0x0000000732800000, 0x0000000732a00000|  0%| F|  |TAMS 0x0000000732800000, 0x0000000732800000| Untracked 
| 405|0x0000000732a00000, 0x0000000732a00000, 0x0000000732c00000|  0%| F|  |TAMS 0x0000000732a00000, 0x0000000732a00000| Untracked 
| 406|0x0000000732c00000, 0x0000000732c00000, 0x0000000732e00000|  0%| F|  |TAMS 0x0000000732c00000, 0x0000000732c00000| Untracked 
| 407|0x0000000732e00000, 0x0000000732e00000, 0x0000000733000000|  0%| F|  |TAMS 0x0000000732e00000, 0x0000000732e00000| Untracked 
| 408|0x0000000733000000, 0x0000000733000000, 0x0000000733200000|  0%| F|  |TAMS 0x0000000733000000, 0x0000000733000000| Untracked 
| 409|0x0000000733200000, 0x0000000733200000, 0x0000000733400000|  0%| F|  |TAMS 0x0000000733200000, 0x0000000733200000| Untracked 
| 410|0x0000000733400000, 0x0000000733400000, 0x0000000733600000|  0%| F|  |TAMS 0x0000000733400000, 0x0000000733400000| Untracked 
| 411|0x0000000733600000, 0x0000000733600000, 0x0000000733800000|  0%| F|  |TAMS 0x0000000733600000, 0x0000000733600000| Untracked 
| 412|0x0000000733800000, 0x0000000733a00000, 0x0000000733a00000|100%| O|  |TAMS 0x0000000733a00000, 0x0000000733a00000| Untracked 
| 413|0x0000000733a00000, 0x0000000733a00000, 0x0000000733c00000|  0%| F|  |TAMS 0x0000000733a00000, 0x0000000733a00000| Untracked 
| 414|0x0000000733c00000, 0x0000000733c00000, 0x0000000733e00000|  0%| F|  |TAMS 0x0000000733c00000, 0x0000000733c00000| Untracked 
| 415|0x0000000733e00000, 0x0000000733e00000, 0x0000000734000000|  0%| F|  |TAMS 0x0000000733e00000, 0x0000000733e00000| Untracked 
| 416|0x0000000734000000, 0x0000000734000000, 0x0000000734200000|  0%| F|  |TAMS 0x0000000734000000, 0x0000000734000000| Untracked 
| 417|0x0000000734200000, 0x0000000734200000, 0x0000000734400000|  0%| F|  |TAMS 0x0000000734200000, 0x0000000734200000| Untracked 
| 418|0x0000000734400000, 0x0000000734400000, 0x0000000734600000|  0%| F|  |TAMS 0x0000000734400000, 0x0000000734400000| Untracked 
| 419|0x0000000734600000, 0x0000000734600000, 0x0000000734800000|  0%| F|  |TAMS 0x0000000734600000, 0x0000000734600000| Untracked 
| 420|0x0000000734800000, 0x0000000734800000, 0x0000000734a00000|  0%| F|  |TAMS 0x0000000734800000, 0x0000000734800000| Untracked 
| 421|0x0000000734a00000, 0x0000000734a00000, 0x0000000734c00000|  0%| F|  |TAMS 0x0000000734a00000, 0x0000000734a00000| Untracked 
| 422|0x0000000734c00000, 0x0000000734c00000, 0x0000000734e00000|  0%| F|  |TAMS 0x0000000734c00000, 0x0000000734c00000| Untracked 
| 423|0x0000000734e00000, 0x0000000734e00000, 0x0000000735000000|  0%| F|  |TAMS 0x0000000734e00000, 0x0000000734e00000| Untracked 
| 424|0x0000000735000000, 0x0000000735000000, 0x0000000735200000|  0%| F|  |TAMS 0x0000000735000000, 0x0000000735000000| Untracked 
| 425|0x0000000735200000, 0x0000000735200000, 0x0000000735400000|  0%| F|  |TAMS 0x0000000735200000, 0x0000000735200000| Untracked 
| 426|0x0000000735400000, 0x0000000735400000, 0x0000000735600000|  0%| F|  |TAMS 0x0000000735400000, 0x0000000735400000| Untracked 
| 427|0x0000000735600000, 0x0000000735600000, 0x0000000735800000|  0%| F|  |TAMS 0x0000000735600000, 0x0000000735600000| Untracked 
| 428|0x0000000735800000, 0x0000000735800000, 0x0000000735a00000|  0%| F|  |TAMS 0x0000000735800000, 0x0000000735800000| Untracked 
| 429|0x0000000735a00000, 0x0000000735a00000, 0x0000000735c00000|  0%| F|  |TAMS 0x0000000735a00000, 0x0000000735a00000| Untracked 
| 430|0x0000000735c00000, 0x0000000735c00000, 0x0000000735e00000|  0%| F|  |TAMS 0x0000000735c00000, 0x0000000735c00000| Untracked 
| 431|0x0000000735e00000, 0x0000000735e00000, 0x0000000736000000|  0%| F|  |TAMS 0x0000000735e00000, 0x0000000735e00000| Untracked 
| 432|0x0000000736000000, 0x0000000736000000, 0x0000000736200000|  0%| F|  |TAMS 0x0000000736000000, 0x0000000736000000| Untracked 
| 433|0x0000000736200000, 0x0000000736200000, 0x0000000736400000|  0%| F|  |TAMS 0x0000000736200000, 0x0000000736200000| Untracked 
| 434|0x0000000736400000, 0x0000000736400000, 0x0000000736600000|  0%| F|  |TAMS 0x0000000736400000, 0x0000000736400000| Untracked 
| 435|0x0000000736600000, 0x0000000736600000, 0x0000000736800000|  0%| F|  |TAMS 0x0000000736600000, 0x0000000736600000| Untracked 
| 436|0x0000000736800000, 0x0000000736800000, 0x0000000736a00000|  0%| F|  |TAMS 0x0000000736800000, 0x0000000736800000| Untracked 
| 437|0x0000000736a00000, 0x0000000736a00000, 0x0000000736c00000|  0%| F|  |TAMS 0x0000000736a00000, 0x0000000736a00000| Untracked 
| 438|0x0000000736c00000, 0x0000000736c00000, 0x0000000736e00000|  0%| F|  |TAMS 0x0000000736c00000, 0x0000000736c00000| Untracked 
| 439|0x0000000736e00000, 0x0000000736e00000, 0x0000000737000000|  0%| F|  |TAMS 0x0000000736e00000, 0x0000000736e00000| Untracked 
| 440|0x0000000737000000, 0x0000000737000000, 0x0000000737200000|  0%| F|  |TAMS 0x0000000737000000, 0x0000000737000000| Untracked 
| 441|0x0000000737200000, 0x0000000737200000, 0x0000000737400000|  0%| F|  |TAMS 0x0000000737200000, 0x0000000737200000| Untracked 
| 442|0x0000000737400000, 0x0000000737400000, 0x0000000737600000|  0%| F|  |TAMS 0x0000000737400000, 0x0000000737400000| Untracked 
| 443|0x0000000737600000, 0x0000000737600000, 0x0000000737800000|  0%| F|  |TAMS 0x0000000737600000, 0x0000000737600000| Untracked 
| 444|0x0000000737800000, 0x0000000737800000, 0x0000000737a00000|  0%| F|  |TAMS 0x0000000737800000, 0x0000000737800000| Untracked 
| 445|0x0000000737a00000, 0x0000000737a00000, 0x0000000737c00000|  0%| F|  |TAMS 0x0000000737a00000, 0x0000000737a00000| Untracked 
| 446|0x0000000737c00000, 0x0000000737c00000, 0x0000000737e00000|  0%| F|  |TAMS 0x0000000737c00000, 0x0000000737c00000| Untracked 
| 447|0x0000000737e00000, 0x0000000737e00000, 0x0000000738000000|  0%| F|  |TAMS 0x0000000737e00000, 0x0000000737e00000| Untracked 
| 448|0x0000000738000000, 0x0000000738000000, 0x0000000738200000|  0%| F|  |TAMS 0x0000000738000000, 0x0000000738000000| Untracked 
| 449|0x0000000738200000, 0x0000000738200000, 0x0000000738400000|  0%| F|  |TAMS 0x0000000738200000, 0x0000000738200000| Untracked 
| 450|0x0000000738400000, 0x0000000738400000, 0x0000000738600000|  0%| F|  |TAMS 0x0000000738400000, 0x0000000738400000| Untracked 
| 451|0x0000000738600000, 0x0000000738600000, 0x0000000738800000|  0%| F|  |TAMS 0x0000000738600000, 0x0000000738600000| Untracked 
| 452|0x0000000738800000, 0x0000000738800000, 0x0000000738a00000|  0%| F|  |TAMS 0x0000000738800000, 0x0000000738800000| Untracked 
| 453|0x0000000738a00000, 0x0000000738a00000, 0x0000000738c00000|  0%| F|  |TAMS 0x0000000738a00000, 0x0000000738a00000| Untracked 
| 454|0x0000000738c00000, 0x0000000738c00000, 0x0000000738e00000|  0%| F|  |TAMS 0x0000000738c00000, 0x0000000738c00000| Untracked 
| 455|0x0000000738e00000, 0x0000000738e00000, 0x0000000739000000|  0%| F|  |TAMS 0x0000000738e00000, 0x0000000738e00000| Untracked 
| 456|0x0000000739000000, 0x0000000739000000, 0x0000000739200000|  0%| F|  |TAMS 0x0000000739000000, 0x0000000739000000| Untracked 
| 457|0x0000000739200000, 0x0000000739200000, 0x0000000739400000|  0%| F|  |TAMS 0x0000000739200000, 0x0000000739200000| Untracked 
| 458|0x0000000739400000, 0x0000000739400000, 0x0000000739600000|  0%| F|  |TAMS 0x0000000739400000, 0x0000000739400000| Untracked 
| 459|0x0000000739600000, 0x0000000739600000, 0x0000000739800000|  0%| F|  |TAMS 0x0000000739600000, 0x0000000739600000| Untracked 
| 460|0x0000000739800000, 0x0000000739800000, 0x0000000739a00000|  0%| F|  |TAMS 0x0000000739800000, 0x0000000739800000| Untracked 
| 461|0x0000000739a00000, 0x0000000739c00000, 0x0000000739c00000|100%| O|  |TAMS 0x0000000739c00000, 0x0000000739c00000| Untracked 
| 462|0x0000000739c00000, 0x0000000739c00000, 0x0000000739e00000|  0%| F|  |TAMS 0x0000000739c00000, 0x0000000739c00000| Untracked 
| 463|0x0000000739e00000, 0x0000000739e00000, 0x000000073a000000|  0%| F|  |TAMS 0x0000000739e00000, 0x0000000739e00000| Untracked 
| 464|0x000000073a000000, 0x000000073a000000, 0x000000073a200000|  0%| F|  |TAMS 0x000000073a000000, 0x000000073a000000| Untracked 
| 465|0x000000073a200000, 0x000000073a200000, 0x000000073a400000|  0%| F|  |TAMS 0x000000073a200000, 0x000000073a200000| Untracked 
| 466|0x000000073a400000, 0x000000073a400000, 0x000000073a600000|  0%| F|  |TAMS 0x000000073a400000, 0x000000073a400000| Untracked 
| 467|0x000000073a600000, 0x000000073a600000, 0x000000073a800000|  0%| F|  |TAMS 0x000000073a600000, 0x000000073a600000| Untracked 
| 468|0x000000073a800000, 0x000000073a800000, 0x000000073aa00000|  0%| F|  |TAMS 0x000000073a800000, 0x000000073a800000| Untracked 
| 469|0x000000073aa00000, 0x000000073aa00000, 0x000000073ac00000|  0%| F|  |TAMS 0x000000073aa00000, 0x000000073aa00000| Untracked 
| 470|0x000000073ac00000, 0x000000073ac00000, 0x000000073ae00000|  0%| F|  |TAMS 0x000000073ac00000, 0x000000073ac00000| Untracked 
| 471|0x000000073ae00000, 0x000000073ae00000, 0x000000073b000000|  0%| F|  |TAMS 0x000000073ae00000, 0x000000073ae00000| Untracked 
| 472|0x000000073b000000, 0x000000073b000000, 0x000000073b200000|  0%| F|  |TAMS 0x000000073b000000, 0x000000073b000000| Untracked 
| 473|0x000000073b200000, 0x000000073b200000, 0x000000073b400000|  0%| F|  |TAMS 0x000000073b200000, 0x000000073b200000| Untracked 
| 474|0x000000073b400000, 0x000000073b400000, 0x000000073b600000|  0%| F|  |TAMS 0x000000073b400000, 0x000000073b400000| Untracked 
| 475|0x000000073b600000, 0x000000073b600000, 0x000000073b800000|  0%| F|  |TAMS 0x000000073b600000, 0x000000073b600000| Untracked 
| 476|0x000000073b800000, 0x000000073b800000, 0x000000073ba00000|  0%| F|  |TAMS 0x000000073b800000, 0x000000073b800000| Untracked 
| 477|0x000000073ba00000, 0x000000073ba00000, 0x000000073bc00000|  0%| F|  |TAMS 0x000000073ba00000, 0x000000073ba00000| Untracked 
| 478|0x000000073bc00000, 0x000000073bc00000, 0x000000073be00000|  0%| F|  |TAMS 0x000000073bc00000, 0x000000073bc00000| Untracked 
| 479|0x000000073be00000, 0x000000073be00000, 0x000000073c000000|  0%| F|  |TAMS 0x000000073be00000, 0x000000073be00000| Untracked 
| 480|0x000000073c000000, 0x000000073c000000, 0x000000073c200000|  0%| F|  |TAMS 0x000000073c000000, 0x000000073c000000| Untracked 
| 481|0x000000073c200000, 0x000000073c200000, 0x000000073c400000|  0%| F|  |TAMS 0x000000073c200000, 0x000000073c200000| Untracked 
| 482|0x000000073c400000, 0x000000073c400000, 0x000000073c600000|  0%| F|  |TAMS 0x000000073c400000, 0x000000073c400000| Untracked 
| 483|0x000000073c600000, 0x000000073c600000, 0x000000073c800000|  0%| F|  |TAMS 0x000000073c600000, 0x000000073c600000| Untracked 
| 484|0x000000073c800000, 0x000000073c800000, 0x000000073ca00000|  0%| F|  |TAMS 0x000000073c800000, 0x000000073c800000| Untracked 
| 485|0x000000073ca00000, 0x000000073ca00000, 0x000000073cc00000|  0%| F|  |TAMS 0x000000073ca00000, 0x000000073ca00000| Untracked 
| 486|0x000000073cc00000, 0x000000073cc00000, 0x000000073ce00000|  0%| F|  |TAMS 0x000000073cc00000, 0x000000073cc00000| Untracked 
| 487|0x000000073ce00000, 0x000000073ce00000, 0x000000073d000000|  0%| F|  |TAMS 0x000000073ce00000, 0x000000073ce00000| Untracked 
| 488|0x000000073d000000, 0x000000073d000000, 0x000000073d200000|  0%| F|  |TAMS 0x000000073d000000, 0x000000073d000000| Untracked 
| 489|0x000000073d200000, 0x000000073d200000, 0x000000073d400000|  0%| F|  |TAMS 0x000000073d200000, 0x000000073d200000| Untracked 
| 490|0x000000073d400000, 0x000000073d400000, 0x000000073d600000|  0%| F|  |TAMS 0x000000073d400000, 0x000000073d400000| Untracked 
| 491|0x000000073d600000, 0x000000073d600000, 0x000000073d800000|  0%| F|  |TAMS 0x000000073d600000, 0x000000073d600000| Untracked 
| 492|0x000000073d800000, 0x000000073d800000, 0x000000073da00000|  0%| F|  |TAMS 0x000000073d800000, 0x000000073d800000| Untracked 
| 493|0x000000073da00000, 0x000000073da00000, 0x000000073dc00000|  0%| F|  |TAMS 0x000000073da00000, 0x000000073da00000| Untracked 
| 494|0x000000073dc00000, 0x000000073dc00000, 0x000000073de00000|  0%| F|  |TAMS 0x000000073dc00000, 0x000000073dc00000| Untracked 
| 495|0x000000073de00000, 0x000000073de00000, 0x000000073e000000|  0%| F|  |TAMS 0x000000073de00000, 0x000000073de00000| Untracked 
| 496|0x000000073e000000, 0x000000073e000000, 0x000000073e200000|  0%| F|  |TAMS 0x000000073e000000, 0x000000073e000000| Untracked 
| 497|0x000000073e200000, 0x000000073e200000, 0x000000073e400000|  0%| F|  |TAMS 0x000000073e200000, 0x000000073e200000| Untracked 
| 498|0x000000073e400000, 0x000000073e400000, 0x000000073e600000|  0%| F|  |TAMS 0x000000073e400000, 0x000000073e400000| Untracked 
| 499|0x000000073e600000, 0x000000073e600000, 0x000000073e800000|  0%| F|  |TAMS 0x000000073e600000, 0x000000073e600000| Untracked 
| 500|0x000000073e800000, 0x000000073e800000, 0x000000073ea00000|  0%| F|  |TAMS 0x000000073e800000, 0x000000073e800000| Untracked 
| 501|0x000000073ea00000, 0x000000073ea00000, 0x000000073ec00000|  0%| F|  |TAMS 0x000000073ea00000, 0x000000073ea00000| Untracked 
| 502|0x000000073ec00000, 0x000000073ec00000, 0x000000073ee00000|  0%| F|  |TAMS 0x000000073ec00000, 0x000000073ec00000| Untracked 
| 503|0x000000073ee00000, 0x000000073ee00000, 0x000000073f000000|  0%| F|  |TAMS 0x000000073ee00000, 0x000000073ee00000| Untracked 
| 504|0x000000073f000000, 0x000000073f000000, 0x000000073f200000|  0%| F|  |TAMS 0x000000073f000000, 0x000000073f000000| Untracked 
| 505|0x000000073f200000, 0x000000073f200000, 0x000000073f400000|  0%| F|  |TAMS 0x000000073f200000, 0x000000073f200000| Untracked 
| 506|0x000000073f400000, 0x000000073f400000, 0x000000073f600000|  0%| F|  |TAMS 0x000000073f400000, 0x000000073f400000| Untracked 
| 507|0x000000073f600000, 0x000000073f600000, 0x000000073f800000|  0%| F|  |TAMS 0x000000073f600000, 0x000000073f600000| Untracked 
| 508|0x000000073f800000, 0x000000073f800000, 0x000000073fa00000|  0%| F|  |TAMS 0x000000073f800000, 0x000000073f800000| Untracked 
| 509|0x000000073fa00000, 0x000000073fa00000, 0x000000073fc00000|  0%| F|  |TAMS 0x000000073fa00000, 0x000000073fa00000| Untracked 
| 510|0x000000073fc00000, 0x000000073fc00000, 0x000000073fe00000|  0%| F|  |TAMS 0x000000073fc00000, 0x000000073fc00000| Untracked 
| 511|0x000000073fe00000, 0x000000073fe00000, 0x0000000740000000|  0%| F|  |TAMS 0x000000073fe00000, 0x000000073fe00000| Untracked 
| 512|0x0000000740000000, 0x0000000740000000, 0x0000000740200000|  0%| F|  |TAMS 0x0000000740000000, 0x0000000740000000| Untracked 
| 513|0x0000000740200000, 0x0000000740200000, 0x0000000740400000|  0%| F|  |TAMS 0x0000000740200000, 0x0000000740200000| Untracked 
| 514|0x0000000740400000, 0x0000000740400000, 0x0000000740600000|  0%| F|  |TAMS 0x0000000740400000, 0x0000000740400000| Untracked 
| 515|0x0000000740600000, 0x0000000740600000, 0x0000000740800000|  0%| F|  |TAMS 0x0000000740600000, 0x0000000740600000| Untracked 
| 516|0x0000000740800000, 0x0000000740800000, 0x0000000740a00000|  0%| F|  |TAMS 0x0000000740800000, 0x0000000740800000| Untracked 
| 517|0x0000000740a00000, 0x0000000740a00000, 0x0000000740c00000|  0%| F|  |TAMS 0x0000000740a00000, 0x0000000740a00000| Untracked 
| 518|0x0000000740c00000, 0x0000000740c00000, 0x0000000740e00000|  0%| F|  |TAMS 0x0000000740c00000, 0x0000000740c00000| Untracked 
| 519|0x0000000740e00000, 0x0000000740e00000, 0x0000000741000000|  0%| F|  |TAMS 0x0000000740e00000, 0x0000000740e00000| Untracked 
| 520|0x0000000741000000, 0x0000000741000000, 0x0000000741200000|  0%| F|  |TAMS 0x0000000741000000, 0x0000000741000000| Untracked 
| 521|0x0000000741200000, 0x0000000741200000, 0x0000000741400000|  0%| F|  |TAMS 0x0000000741200000, 0x0000000741200000| Untracked 
| 522|0x0000000741400000, 0x0000000741400000, 0x0000000741600000|  0%| F|  |TAMS 0x0000000741400000, 0x0000000741400000| Untracked 
| 523|0x0000000741600000, 0x0000000741600000, 0x0000000741800000|  0%| F|  |TAMS 0x0000000741600000, 0x0000000741600000| Untracked 
| 524|0x0000000741800000, 0x0000000741800000, 0x0000000741a00000|  0%| F|  |TAMS 0x0000000741800000, 0x0000000741800000| Untracked 
| 525|0x0000000741a00000, 0x0000000741a00000, 0x0000000741c00000|  0%| F|  |TAMS 0x0000000741a00000, 0x0000000741a00000| Untracked 
| 526|0x0000000741c00000, 0x0000000741c00000, 0x0000000741e00000|  0%| F|  |TAMS 0x0000000741c00000, 0x0000000741c00000| Untracked 
| 527|0x0000000741e00000, 0x0000000741e00000, 0x0000000742000000|  0%| F|  |TAMS 0x0000000741e00000, 0x0000000741e00000| Untracked 
| 528|0x0000000742000000, 0x0000000742000000, 0x0000000742200000|  0%| F|  |TAMS 0x0000000742000000, 0x0000000742000000| Untracked 
| 529|0x0000000742200000, 0x0000000742200000, 0x0000000742400000|  0%| F|  |TAMS 0x0000000742200000, 0x0000000742200000| Untracked 
| 530|0x0000000742400000, 0x0000000742400000, 0x0000000742600000|  0%| F|  |TAMS 0x0000000742400000, 0x0000000742400000| Untracked 
| 531|0x0000000742600000, 0x0000000742600000, 0x0000000742800000|  0%| F|  |TAMS 0x0000000742600000, 0x0000000742600000| Untracked 
| 532|0x0000000742800000, 0x0000000742800000, 0x0000000742a00000|  0%| F|  |TAMS 0x0000000742800000, 0x0000000742800000| Untracked 
| 533|0x0000000742a00000, 0x0000000742a00000, 0x0000000742c00000|  0%| F|  |TAMS 0x0000000742a00000, 0x0000000742a00000| Untracked 
| 534|0x0000000742c00000, 0x0000000742c00000, 0x0000000742e00000|  0%| F|  |TAMS 0x0000000742c00000, 0x0000000742c00000| Untracked 
| 535|0x0000000742e00000, 0x0000000742e00000, 0x0000000743000000|  0%| F|  |TAMS 0x0000000742e00000, 0x0000000742e00000| Untracked 
| 536|0x0000000743000000, 0x0000000743000000, 0x0000000743200000|  0%| F|  |TAMS 0x0000000743000000, 0x0000000743000000| Untracked 
| 537|0x0000000743200000, 0x0000000743200000, 0x0000000743400000|  0%| F|  |TAMS 0x0000000743200000, 0x0000000743200000| Untracked 
| 538|0x0000000743400000, 0x0000000743400000, 0x0000000743600000|  0%| F|  |TAMS 0x0000000743400000, 0x0000000743400000| Untracked 
| 539|0x0000000743600000, 0x0000000743600000, 0x0000000743800000|  0%| F|  |TAMS 0x0000000743600000, 0x0000000743600000| Untracked 
| 540|0x0000000743800000, 0x0000000743800000, 0x0000000743a00000|  0%| F|  |TAMS 0x0000000743800000, 0x0000000743800000| Untracked 
| 541|0x0000000743a00000, 0x0000000743a00000, 0x0000000743c00000|  0%| F|  |TAMS 0x0000000743a00000, 0x0000000743a00000| Untracked 
| 542|0x0000000743c00000, 0x0000000743c00000, 0x0000000743e00000|  0%| F|  |TAMS 0x0000000743c00000, 0x0000000743c00000| Untracked 
| 543|0x0000000743e00000, 0x0000000743e00000, 0x0000000744000000|  0%| F|  |TAMS 0x0000000743e00000, 0x0000000743e00000| Untracked 
| 544|0x0000000744000000, 0x0000000744000000, 0x0000000744200000|  0%| F|  |TAMS 0x0000000744000000, 0x0000000744000000| Untracked 
| 545|0x0000000744200000, 0x0000000744200000, 0x0000000744400000|  0%| F|  |TAMS 0x0000000744200000, 0x0000000744200000| Untracked 
| 546|0x0000000744400000, 0x0000000744400000, 0x0000000744600000|  0%| F|  |TAMS 0x0000000744400000, 0x0000000744400000| Untracked 
| 547|0x0000000744600000, 0x0000000744600000, 0x0000000744800000|  0%| F|  |TAMS 0x0000000744600000, 0x0000000744600000| Untracked 
| 548|0x0000000744800000, 0x0000000744800000, 0x0000000744a00000|  0%| F|  |TAMS 0x0000000744800000, 0x0000000744800000| Untracked 
| 549|0x0000000744a00000, 0x0000000744a00000, 0x0000000744c00000|  0%| F|  |TAMS 0x0000000744a00000, 0x0000000744a00000| Untracked 
| 550|0x0000000744c00000, 0x0000000744c00000, 0x0000000744e00000|  0%| F|  |TAMS 0x0000000744c00000, 0x0000000744c00000| Untracked 
| 551|0x0000000744e00000, 0x0000000744e00000, 0x0000000745000000|  0%| F|  |TAMS 0x0000000744e00000, 0x0000000744e00000| Untracked 
| 552|0x0000000745000000, 0x0000000745000000, 0x0000000745200000|  0%| F|  |TAMS 0x0000000745000000, 0x0000000745000000| Untracked 
| 553|0x0000000745200000, 0x0000000745200000, 0x0000000745400000|  0%| F|  |TAMS 0x0000000745200000, 0x0000000745200000| Untracked 
| 554|0x0000000745400000, 0x0000000745400000, 0x0000000745600000|  0%| F|  |TAMS 0x0000000745400000, 0x0000000745400000| Untracked 
| 555|0x0000000745600000, 0x0000000745600000, 0x0000000745800000|  0%| F|  |TAMS 0x0000000745600000, 0x0000000745600000| Untracked 
| 556|0x0000000745800000, 0x0000000745800000, 0x0000000745a00000|  0%| F|  |TAMS 0x0000000745800000, 0x0000000745800000| Untracked 
| 557|0x0000000745a00000, 0x0000000745a00000, 0x0000000745c00000|  0%| F|  |TAMS 0x0000000745a00000, 0x0000000745a00000| Untracked 
| 558|0x0000000745c00000, 0x0000000745c00000, 0x0000000745e00000|  0%| F|  |TAMS 0x0000000745c00000, 0x0000000745c00000| Untracked 
| 559|0x0000000745e00000, 0x0000000745e00000, 0x0000000746000000|  0%| F|  |TAMS 0x0000000745e00000, 0x0000000745e00000| Untracked 
| 560|0x0000000746000000, 0x0000000746000000, 0x0000000746200000|  0%| F|  |TAMS 0x0000000746000000, 0x0000000746000000| Untracked 
| 561|0x0000000746200000, 0x0000000746200000, 0x0000000746400000|  0%| F|  |TAMS 0x0000000746200000, 0x0000000746200000| Untracked 
| 562|0x0000000746400000, 0x0000000746400000, 0x0000000746600000|  0%| F|  |TAMS 0x0000000746400000, 0x0000000746400000| Untracked 
| 563|0x0000000746600000, 0x0000000746600000, 0x0000000746800000|  0%| F|  |TAMS 0x0000000746600000, 0x0000000746600000| Untracked 
| 564|0x0000000746800000, 0x0000000746a00000, 0x0000000746a00000|100%| S|CS|TAMS 0x0000000746800000, 0x0000000746800000| Complete 
| 565|0x0000000746a00000, 0x0000000746c00000, 0x0000000746c00000|100%| S|CS|TAMS 0x0000000746a00000, 0x0000000746a00000| Complete 
| 566|0x0000000746c00000, 0x0000000746e00000, 0x0000000746e00000|100%| S|CS|TAMS 0x0000000746c00000, 0x0000000746c00000| Complete 
| 567|0x0000000746e00000, 0x0000000747000000, 0x0000000747000000|100%| S|CS|TAMS 0x0000000746e00000, 0x0000000746e00000| Complete 
| 568|0x0000000747000000, 0x0000000747200000, 0x0000000747200000|100%| S|CS|TAMS 0x0000000747000000, 0x0000000747000000| Complete 
| 569|0x0000000747200000, 0x0000000747400000, 0x0000000747400000|100%| S|CS|TAMS 0x0000000747200000, 0x0000000747200000| Complete 
| 570|0x0000000747400000, 0x0000000747600000, 0x0000000747600000|100%| S|CS|TAMS 0x0000000747400000, 0x0000000747400000| Complete 
| 571|0x0000000747600000, 0x0000000747800000, 0x0000000747800000|100%| S|CS|TAMS 0x0000000747600000, 0x0000000747600000| Complete 
| 572|0x0000000747800000, 0x0000000747a00000, 0x0000000747a00000|100%| S|CS|TAMS 0x0000000747800000, 0x0000000747800000| Complete 
| 573|0x0000000747a00000, 0x0000000747c00000, 0x0000000747c00000|100%| S|CS|TAMS 0x0000000747a00000, 0x0000000747a00000| Complete 
| 574|0x0000000747c00000, 0x0000000747e00000, 0x0000000747e00000|100%| S|CS|TAMS 0x0000000747c00000, 0x0000000747c00000| Complete 
| 575|0x0000000747e00000, 0x0000000748000000, 0x0000000748000000|100%| S|CS|TAMS 0x0000000747e00000, 0x0000000747e00000| Complete 
| 576|0x0000000748000000, 0x0000000748200000, 0x0000000748200000|100%| S|CS|TAMS 0x0000000748000000, 0x0000000748000000| Complete 
| 577|0x0000000748200000, 0x0000000748400000, 0x0000000748400000|100%| S|CS|TAMS 0x0000000748200000, 0x0000000748200000| Complete 
| 578|0x0000000748400000, 0x0000000748600000, 0x0000000748600000|100%| S|CS|TAMS 0x0000000748400000, 0x0000000748400000| Complete 
| 579|0x0000000748600000, 0x0000000748800000, 0x0000000748800000|100%| S|CS|TAMS 0x0000000748600000, 0x0000000748600000| Complete 
| 580|0x0000000748800000, 0x0000000748a00000, 0x0000000748a00000|100%| S|CS|TAMS 0x0000000748800000, 0x0000000748800000| Complete 
| 581|0x0000000748a00000, 0x0000000748c00000, 0x0000000748c00000|100%| S|CS|TAMS 0x0000000748a00000, 0x0000000748a00000| Complete 
| 582|0x0000000748c00000, 0x0000000748e00000, 0x0000000748e00000|100%| S|CS|TAMS 0x0000000748c00000, 0x0000000748c00000| Complete 
| 583|0x0000000748e00000, 0x0000000749000000, 0x0000000749000000|100%| S|CS|TAMS 0x0000000748e00000, 0x0000000748e00000| Complete 
| 584|0x0000000749000000, 0x0000000749200000, 0x0000000749200000|100%| S|CS|TAMS 0x0000000749000000, 0x0000000749000000| Complete 
| 585|0x0000000749200000, 0x0000000749400000, 0x0000000749400000|100%| S|CS|TAMS 0x0000000749200000, 0x0000000749200000| Complete 
| 586|0x0000000749400000, 0x0000000749600000, 0x0000000749600000|100%| S|CS|TAMS 0x0000000749400000, 0x0000000749400000| Complete 
| 587|0x0000000749600000, 0x0000000749800000, 0x0000000749800000|100%| S|CS|TAMS 0x0000000749600000, 0x0000000749600000| Complete 
| 588|0x0000000749800000, 0x0000000749a00000, 0x0000000749a00000|100%| S|CS|TAMS 0x0000000749800000, 0x0000000749800000| Complete 
| 589|0x0000000749a00000, 0x0000000749c00000, 0x0000000749c00000|100%| S|CS|TAMS 0x0000000749a00000, 0x0000000749a00000| Complete 
| 590|0x0000000749c00000, 0x0000000749e00000, 0x0000000749e00000|100%| S|CS|TAMS 0x0000000749c00000, 0x0000000749c00000| Complete 
| 591|0x0000000749e00000, 0x000000074a000000, 0x000000074a000000|100%| S|CS|TAMS 0x0000000749e00000, 0x0000000749e00000| Complete 
| 592|0x000000074a000000, 0x000000074a200000, 0x000000074a200000|100%| S|CS|TAMS 0x000000074a000000, 0x000000074a000000| Complete 
| 593|0x000000074a200000, 0x000000074a400000, 0x000000074a400000|100%| S|CS|TAMS 0x000000074a200000, 0x000000074a200000| Complete 
| 594|0x000000074a400000, 0x000000074a600000, 0x000000074a600000|100%| S|CS|TAMS 0x000000074a400000, 0x000000074a400000| Complete 
| 595|0x000000074a600000, 0x000000074a800000, 0x000000074a800000|100%| S|CS|TAMS 0x000000074a600000, 0x000000074a600000| Complete 
| 596|0x000000074a800000, 0x000000074aa00000, 0x000000074aa00000|100%| S|CS|TAMS 0x000000074a800000, 0x000000074a800000| Complete 
| 597|0x000000074aa00000, 0x000000074ac00000, 0x000000074ac00000|100%| S|CS|TAMS 0x000000074aa00000, 0x000000074aa00000| Complete 
| 598|0x000000074ac00000, 0x000000074ae00000, 0x000000074ae00000|100%| S|CS|TAMS 0x000000074ac00000, 0x000000074ac00000| Complete 
| 599|0x000000074ae00000, 0x000000074b000000, 0x000000074b000000|100%| S|CS|TAMS 0x000000074ae00000, 0x000000074ae00000| Complete 
| 600|0x000000074b000000, 0x000000074b200000, 0x000000074b200000|100%| S|CS|TAMS 0x000000074b000000, 0x000000074b000000| Complete 
| 601|0x000000074b200000, 0x000000074b400000, 0x000000074b400000|100%| S|CS|TAMS 0x000000074b200000, 0x000000074b200000| Complete 
| 602|0x000000074b400000, 0x000000074b600000, 0x000000074b600000|100%| S|CS|TAMS 0x000000074b400000, 0x000000074b400000| Complete 
| 603|0x000000074b600000, 0x000000074b800000, 0x000000074b800000|100%| S|CS|TAMS 0x000000074b600000, 0x000000074b600000| Complete 
| 604|0x000000074b800000, 0x000000074ba00000, 0x000000074ba00000|100%| S|CS|TAMS 0x000000074b800000, 0x000000074b800000| Complete 
| 605|0x000000074ba00000, 0x000000074bc00000, 0x000000074bc00000|100%| S|CS|TAMS 0x000000074ba00000, 0x000000074ba00000| Complete 
| 606|0x000000074bc00000, 0x000000074be00000, 0x000000074be00000|100%| S|CS|TAMS 0x000000074bc00000, 0x000000074bc00000| Complete 
| 607|0x000000074be00000, 0x000000074c000000, 0x000000074c000000|100%| S|CS|TAMS 0x000000074be00000, 0x000000074be00000| Complete 
| 608|0x000000074c000000, 0x000000074c200000, 0x000000074c200000|100%| S|CS|TAMS 0x000000074c000000, 0x000000074c000000| Complete 
| 609|0x000000074c200000, 0x000000074c400000, 0x000000074c400000|100%| S|CS|TAMS 0x000000074c200000, 0x000000074c200000| Complete 
| 610|0x000000074c400000, 0x000000074c600000, 0x000000074c600000|100%| S|CS|TAMS 0x000000074c400000, 0x000000074c400000| Complete 
| 611|0x000000074c600000, 0x000000074c800000, 0x000000074c800000|100%| S|CS|TAMS 0x000000074c600000, 0x000000074c600000| Complete 
| 612|0x000000074c800000, 0x000000074ca00000, 0x000000074ca00000|100%| S|CS|TAMS 0x000000074c800000, 0x000000074c800000| Complete 
| 613|0x000000074ca00000, 0x000000074cc00000, 0x000000074cc00000|100%| S|CS|TAMS 0x000000074ca00000, 0x000000074ca00000| Complete 
| 614|0x000000074cc00000, 0x000000074ce00000, 0x000000074ce00000|100%| S|CS|TAMS 0x000000074cc00000, 0x000000074cc00000| Complete 
| 615|0x000000074ce00000, 0x000000074d000000, 0x000000074d000000|100%| S|CS|TAMS 0x000000074ce00000, 0x000000074ce00000| Complete 
| 616|0x000000074d000000, 0x000000074d200000, 0x000000074d200000|100%| S|CS|TAMS 0x000000074d000000, 0x000000074d000000| Complete 
| 617|0x000000074d200000, 0x000000074d400000, 0x000000074d400000|100%| S|CS|TAMS 0x000000074d200000, 0x000000074d200000| Complete 
| 618|0x000000074d400000, 0x000000074d600000, 0x000000074d600000|100%| S|CS|TAMS 0x000000074d400000, 0x000000074d400000| Complete 
| 619|0x000000074d600000, 0x000000074d800000, 0x000000074d800000|100%| S|CS|TAMS 0x000000074d600000, 0x000000074d600000| Complete 
| 620|0x000000074d800000, 0x000000074da00000, 0x000000074da00000|100%| S|CS|TAMS 0x000000074d800000, 0x000000074d800000| Complete 
| 621|0x000000074da00000, 0x000000074dc00000, 0x000000074dc00000|100%| S|CS|TAMS 0x000000074da00000, 0x000000074da00000| Complete 
| 622|0x000000074dc00000, 0x000000074de00000, 0x000000074de00000|100%| S|CS|TAMS 0x000000074dc00000, 0x000000074dc00000| Complete 
| 623|0x000000074de00000, 0x000000074e000000, 0x000000074e000000|100%| S|CS|TAMS 0x000000074de00000, 0x000000074de00000| Complete 
| 624|0x000000074e000000, 0x000000074e200000, 0x000000074e200000|100%| S|CS|TAMS 0x000000074e000000, 0x000000074e000000| Complete 
| 625|0x000000074e200000, 0x000000074e400000, 0x000000074e400000|100%| S|CS|TAMS 0x000000074e200000, 0x000000074e200000| Complete 
| 626|0x000000074e400000, 0x000000074e600000, 0x000000074e600000|100%| S|CS|TAMS 0x000000074e400000, 0x000000074e400000| Complete 
| 627|0x000000074e600000, 0x000000074e800000, 0x000000074e800000|100%| S|CS|TAMS 0x000000074e600000, 0x000000074e600000| Complete 
| 628|0x000000074e800000, 0x000000074ea00000, 0x000000074ea00000|100%| S|CS|TAMS 0x000000074e800000, 0x000000074e800000| Complete 
| 629|0x000000074ea00000, 0x000000074ec00000, 0x000000074ec00000|100%| S|CS|TAMS 0x000000074ea00000, 0x000000074ea00000| Complete 
| 630|0x000000074ec00000, 0x000000074ee00000, 0x000000074ee00000|100%| S|CS|TAMS 0x000000074ec00000, 0x000000074ec00000| Complete 
| 631|0x000000074ee00000, 0x000000074f000000, 0x000000074f000000|100%| S|CS|TAMS 0x000000074ee00000, 0x000000074ee00000| Complete 
| 632|0x000000074f000000, 0x000000074f200000, 0x000000074f200000|100%| S|CS|TAMS 0x000000074f000000, 0x000000074f000000| Complete 
| 633|0x000000074f200000, 0x000000074f400000, 0x000000074f400000|100%| S|CS|TAMS 0x000000074f200000, 0x000000074f200000| Complete 
| 634|0x000000074f400000, 0x000000074f400000, 0x000000074f600000|  0%| F|  |TAMS 0x000000074f400000, 0x000000074f400000| Untracked 
| 635|0x000000074f600000, 0x000000074f600000, 0x000000074f800000|  0%| F|  |TAMS 0x000000074f600000, 0x000000074f600000| Untracked 
| 636|0x000000074f800000, 0x000000074f800000, 0x000000074fa00000|  0%| F|  |TAMS 0x000000074f800000, 0x000000074f800000| Untracked 
| 637|0x000000074fa00000, 0x000000074fa00000, 0x000000074fc00000|  0%| F|  |TAMS 0x000000074fa00000, 0x000000074fa00000| Untracked 
| 638|0x000000074fc00000, 0x000000074fc00000, 0x000000074fe00000|  0%| F|  |TAMS 0x000000074fc00000, 0x000000074fc00000| Untracked 
| 639|0x000000074fe00000, 0x000000074fe00000, 0x0000000750000000|  0%| F|  |TAMS 0x000000074fe00000, 0x000000074fe00000| Untracked 
| 640|0x0000000750000000, 0x0000000750000000, 0x0000000750200000|  0%| F|  |TAMS 0x0000000750000000, 0x0000000750000000| Untracked 
| 641|0x0000000750200000, 0x0000000750200000, 0x0000000750400000|  0%| F|  |TAMS 0x0000000750200000, 0x0000000750200000| Untracked 
| 642|0x0000000750400000, 0x0000000750400000, 0x0000000750600000|  0%| F|  |TAMS 0x0000000750400000, 0x0000000750400000| Untracked 
| 643|0x0000000750600000, 0x0000000750600000, 0x0000000750800000|  0%| F|  |TAMS 0x0000000750600000, 0x0000000750600000| Untracked 
| 644|0x0000000750800000, 0x0000000750800000, 0x0000000750a00000|  0%| F|  |TAMS 0x0000000750800000, 0x0000000750800000| Untracked 
| 645|0x0000000750a00000, 0x0000000750a00000, 0x0000000750c00000|  0%| F|  |TAMS 0x0000000750a00000, 0x0000000750a00000| Untracked 
| 646|0x0000000750c00000, 0x0000000750c00000, 0x0000000750e00000|  0%| F|  |TAMS 0x0000000750c00000, 0x0000000750c00000| Untracked 
| 647|0x0000000750e00000, 0x0000000750e00000, 0x0000000751000000|  0%| F|  |TAMS 0x0000000750e00000, 0x0000000750e00000| Untracked 
| 648|0x0000000751000000, 0x0000000751000000, 0x0000000751200000|  0%| F|  |TAMS 0x0000000751000000, 0x0000000751000000| Untracked 
| 649|0x0000000751200000, 0x0000000751200000, 0x0000000751400000|  0%| F|  |TAMS 0x0000000751200000, 0x0000000751200000| Untracked 
| 650|0x0000000751400000, 0x0000000751400000, 0x0000000751600000|  0%| F|  |TAMS 0x0000000751400000, 0x0000000751400000| Untracked 
| 651|0x0000000751600000, 0x0000000751600000, 0x0000000751800000|  0%| F|  |TAMS 0x0000000751600000, 0x0000000751600000| Untracked 
| 652|0x0000000751800000, 0x0000000751800000, 0x0000000751a00000|  0%| F|  |TAMS 0x0000000751800000, 0x0000000751800000| Untracked 
| 653|0x0000000751a00000, 0x0000000751a00000, 0x0000000751c00000|  0%| F|  |TAMS 0x0000000751a00000, 0x0000000751a00000| Untracked 
| 654|0x0000000751c00000, 0x0000000751c00000, 0x0000000751e00000|  0%| F|  |TAMS 0x0000000751c00000, 0x0000000751c00000| Untracked 
| 655|0x0000000751e00000, 0x0000000751e00000, 0x0000000752000000|  0%| F|  |TAMS 0x0000000751e00000, 0x0000000751e00000| Untracked 
| 656|0x0000000752000000, 0x0000000752000000, 0x0000000752200000|  0%| F|  |TAMS 0x0000000752000000, 0x0000000752000000| Untracked 
| 657|0x0000000752200000, 0x0000000752200000, 0x0000000752400000|  0%| F|  |TAMS 0x0000000752200000, 0x0000000752200000| Untracked 
| 658|0x0000000752400000, 0x0000000752400000, 0x0000000752600000|  0%| F|  |TAMS 0x0000000752400000, 0x0000000752400000| Untracked 
| 659|0x0000000752600000, 0x0000000752600000, 0x0000000752800000|  0%| F|  |TAMS 0x0000000752600000, 0x0000000752600000| Untracked 
| 660|0x0000000752800000, 0x0000000752800000, 0x0000000752a00000|  0%| F|  |TAMS 0x0000000752800000, 0x0000000752800000| Untracked 
| 661|0x0000000752a00000, 0x0000000752a00000, 0x0000000752c00000|  0%| F|  |TAMS 0x0000000752a00000, 0x0000000752a00000| Untracked 
| 662|0x0000000752c00000, 0x0000000752c00000, 0x0000000752e00000|  0%| F|  |TAMS 0x0000000752c00000, 0x0000000752c00000| Untracked 
| 663|0x0000000752e00000, 0x0000000752e00000, 0x0000000753000000|  0%| F|  |TAMS 0x0000000752e00000, 0x0000000752e00000| Untracked 
| 664|0x0000000753000000, 0x0000000753000000, 0x0000000753200000|  0%| F|  |TAMS 0x0000000753000000, 0x0000000753000000| Untracked 
| 665|0x0000000753200000, 0x0000000753200000, 0x0000000753400000|  0%| F|  |TAMS 0x0000000753200000, 0x0000000753200000| Untracked 
| 666|0x0000000753400000, 0x0000000753400000, 0x0000000753600000|  0%| F|  |TAMS 0x0000000753400000, 0x0000000753400000| Untracked 
| 667|0x0000000753600000, 0x0000000753600000, 0x0000000753800000|  0%| F|  |TAMS 0x0000000753600000, 0x0000000753600000| Untracked 
| 668|0x0000000753800000, 0x0000000753800000, 0x0000000753a00000|  0%| F|  |TAMS 0x0000000753800000, 0x0000000753800000| Untracked 
| 669|0x0000000753a00000, 0x0000000753a00000, 0x0000000753c00000|  0%| F|  |TAMS 0x0000000753a00000, 0x0000000753a00000| Untracked 
| 670|0x0000000753c00000, 0x0000000753c00000, 0x0000000753e00000|  0%| F|  |TAMS 0x0000000753c00000, 0x0000000753c00000| Untracked 
| 671|0x0000000753e00000, 0x0000000753e00000, 0x0000000754000000|  0%| F|  |TAMS 0x0000000753e00000, 0x0000000753e00000| Untracked 
| 672|0x0000000754000000, 0x0000000754000000, 0x0000000754200000|  0%| F|  |TAMS 0x0000000754000000, 0x0000000754000000| Untracked 
| 673|0x0000000754200000, 0x0000000754200000, 0x0000000754400000|  0%| F|  |TAMS 0x0000000754200000, 0x0000000754200000| Untracked 
| 674|0x0000000754400000, 0x0000000754400000, 0x0000000754600000|  0%| F|  |TAMS 0x0000000754400000, 0x0000000754400000| Untracked 
| 675|0x0000000754600000, 0x0000000754600000, 0x0000000754800000|  0%| F|  |TAMS 0x0000000754600000, 0x0000000754600000| Untracked 
| 676|0x0000000754800000, 0x0000000754800000, 0x0000000754a00000|  0%| F|  |TAMS 0x0000000754800000, 0x0000000754800000| Untracked 
| 677|0x0000000754a00000, 0x0000000754a00000, 0x0000000754c00000|  0%| F|  |TAMS 0x0000000754a00000, 0x0000000754a00000| Untracked 
| 678|0x0000000754c00000, 0x0000000754c00000, 0x0000000754e00000|  0%| F|  |TAMS 0x0000000754c00000, 0x0000000754c00000| Untracked 
| 679|0x0000000754e00000, 0x0000000754e00000, 0x0000000755000000|  0%| F|  |TAMS 0x0000000754e00000, 0x0000000754e00000| Untracked 
| 680|0x0000000755000000, 0x0000000755000000, 0x0000000755200000|  0%| F|  |TAMS 0x0000000755000000, 0x0000000755000000| Untracked 
| 681|0x0000000755200000, 0x0000000755200000, 0x0000000755400000|  0%| F|  |TAMS 0x0000000755200000, 0x0000000755200000| Untracked 
| 682|0x0000000755400000, 0x0000000755400000, 0x0000000755600000|  0%| F|  |TAMS 0x0000000755400000, 0x0000000755400000| Untracked 
| 683|0x0000000755600000, 0x0000000755600000, 0x0000000755800000|  0%| F|  |TAMS 0x0000000755600000, 0x0000000755600000| Untracked 
| 684|0x0000000755800000, 0x0000000755800000, 0x0000000755a00000|  0%| F|  |TAMS 0x0000000755800000, 0x0000000755800000| Untracked 
| 685|0x0000000755a00000, 0x0000000755a00000, 0x0000000755c00000|  0%| F|  |TAMS 0x0000000755a00000, 0x0000000755a00000| Untracked 
| 686|0x0000000755c00000, 0x0000000755c00000, 0x0000000755e00000|  0%| F|  |TAMS 0x0000000755c00000, 0x0000000755c00000| Untracked 
| 687|0x0000000755e00000, 0x0000000755e00000, 0x0000000756000000|  0%| F|  |TAMS 0x0000000755e00000, 0x0000000755e00000| Untracked 
| 688|0x0000000756000000, 0x0000000756000000, 0x0000000756200000|  0%| F|  |TAMS 0x0000000756000000, 0x0000000756000000| Untracked 
| 689|0x0000000756200000, 0x0000000756200000, 0x0000000756400000|  0%| F|  |TAMS 0x0000000756200000, 0x0000000756200000| Untracked 
| 690|0x0000000756400000, 0x0000000756400000, 0x0000000756600000|  0%| F|  |TAMS 0x0000000756400000, 0x0000000756400000| Untracked 
| 691|0x0000000756600000, 0x0000000756600000, 0x0000000756800000|  0%| F|  |TAMS 0x0000000756600000, 0x0000000756600000| Untracked 
| 692|0x0000000756800000, 0x0000000756800000, 0x0000000756a00000|  0%| F|  |TAMS 0x0000000756800000, 0x0000000756800000| Untracked 
| 693|0x0000000756a00000, 0x0000000756a00000, 0x0000000756c00000|  0%| F|  |TAMS 0x0000000756a00000, 0x0000000756a00000| Untracked 
| 694|0x0000000756c00000, 0x0000000756c00000, 0x0000000756e00000|  0%| F|  |TAMS 0x0000000756c00000, 0x0000000756c00000| Untracked 
| 695|0x0000000756e00000, 0x0000000756e00000, 0x0000000757000000|  0%| F|  |TAMS 0x0000000756e00000, 0x0000000756e00000| Untracked 
| 696|0x0000000757000000, 0x0000000757000000, 0x0000000757200000|  0%| F|  |TAMS 0x0000000757000000, 0x0000000757000000| Untracked 
| 697|0x0000000757200000, 0x0000000757200000, 0x0000000757400000|  0%| F|  |TAMS 0x0000000757200000, 0x0000000757200000| Untracked 
| 698|0x0000000757400000, 0x0000000757400000, 0x0000000757600000|  0%| F|  |TAMS 0x0000000757400000, 0x0000000757400000| Untracked 
| 699|0x0000000757600000, 0x0000000757600000, 0x0000000757800000|  0%| F|  |TAMS 0x0000000757600000, 0x0000000757600000| Untracked 
| 700|0x0000000757800000, 0x0000000757800000, 0x0000000757a00000|  0%| F|  |TAMS 0x0000000757800000, 0x0000000757800000| Untracked 
| 701|0x0000000757a00000, 0x0000000757a00000, 0x0000000757c00000|  0%| F|  |TAMS 0x0000000757a00000, 0x0000000757a00000| Untracked 
| 702|0x0000000757c00000, 0x0000000757c00000, 0x0000000757e00000|  0%| F|  |TAMS 0x0000000757c00000, 0x0000000757c00000| Untracked 
| 703|0x0000000757e00000, 0x0000000757e00000, 0x0000000758000000|  0%| F|  |TAMS 0x0000000757e00000, 0x0000000757e00000| Untracked 
| 704|0x0000000758000000, 0x0000000758000000, 0x0000000758200000|  0%| F|  |TAMS 0x0000000758000000, 0x0000000758000000| Untracked 
| 705|0x0000000758200000, 0x0000000758200000, 0x0000000758400000|  0%| F|  |TAMS 0x0000000758200000, 0x0000000758200000| Untracked 
| 706|0x0000000758400000, 0x0000000758400000, 0x0000000758600000|  0%| F|  |TAMS 0x0000000758400000, 0x0000000758400000| Untracked 
| 707|0x0000000758600000, 0x0000000758600000, 0x0000000758800000|  0%| F|  |TAMS 0x0000000758600000, 0x0000000758600000| Untracked 
| 708|0x0000000758800000, 0x0000000758800000, 0x0000000758a00000|  0%| F|  |TAMS 0x0000000758800000, 0x0000000758800000| Untracked 
| 709|0x0000000758a00000, 0x0000000758a00000, 0x0000000758c00000|  0%| F|  |TAMS 0x0000000758a00000, 0x0000000758a00000| Untracked 
| 710|0x0000000758c00000, 0x0000000758c00000, 0x0000000758e00000|  0%| F|  |TAMS 0x0000000758c00000, 0x0000000758c00000| Untracked 
| 711|0x0000000758e00000, 0x0000000758e00000, 0x0000000759000000|  0%| F|  |TAMS 0x0000000758e00000, 0x0000000758e00000| Untracked 
| 712|0x0000000759000000, 0x0000000759000000, 0x0000000759200000|  0%| F|  |TAMS 0x0000000759000000, 0x0000000759000000| Untracked 
| 713|0x0000000759200000, 0x0000000759200000, 0x0000000759400000|  0%| F|  |TAMS 0x0000000759200000, 0x0000000759200000| Untracked 
| 714|0x0000000759400000, 0x0000000759400000, 0x0000000759600000|  0%| F|  |TAMS 0x0000000759400000, 0x0000000759400000| Untracked 
| 715|0x0000000759600000, 0x0000000759600000, 0x0000000759800000|  0%| F|  |TAMS 0x0000000759600000, 0x0000000759600000| Untracked 
| 716|0x0000000759800000, 0x0000000759800000, 0x0000000759a00000|  0%| F|  |TAMS 0x0000000759800000, 0x0000000759800000| Untracked 
| 717|0x0000000759a00000, 0x0000000759a00000, 0x0000000759c00000|  0%| F|  |TAMS 0x0000000759a00000, 0x0000000759a00000| Untracked 
| 718|0x0000000759c00000, 0x0000000759c00000, 0x0000000759e00000|  0%| F|  |TAMS 0x0000000759c00000, 0x0000000759c00000| Untracked 
| 719|0x0000000759e00000, 0x0000000759e00000, 0x000000075a000000|  0%| F|  |TAMS 0x0000000759e00000, 0x0000000759e00000| Untracked 
| 720|0x000000075a000000, 0x000000075a000000, 0x000000075a200000|  0%| F|  |TAMS 0x000000075a000000, 0x000000075a000000| Untracked 
| 721|0x000000075a200000, 0x000000075a200000, 0x000000075a400000|  0%| F|  |TAMS 0x000000075a200000, 0x000000075a200000| Untracked 
| 722|0x000000075a400000, 0x000000075a400000, 0x000000075a600000|  0%| F|  |TAMS 0x000000075a400000, 0x000000075a400000| Untracked 
| 723|0x000000075a600000, 0x000000075a600000, 0x000000075a800000|  0%| F|  |TAMS 0x000000075a600000, 0x000000075a600000| Untracked 
| 724|0x000000075a800000, 0x000000075a800000, 0x000000075aa00000|  0%| F|  |TAMS 0x000000075a800000, 0x000000075a800000| Untracked 
| 725|0x000000075aa00000, 0x000000075aa00000, 0x000000075ac00000|  0%| F|  |TAMS 0x000000075aa00000, 0x000000075aa00000| Untracked 
| 726|0x000000075ac00000, 0x000000075ac00000, 0x000000075ae00000|  0%| F|  |TAMS 0x000000075ac00000, 0x000000075ac00000| Untracked 
| 727|0x000000075ae00000, 0x000000075ae00000, 0x000000075b000000|  0%| F|  |TAMS 0x000000075ae00000, 0x000000075ae00000| Untracked 
| 728|0x000000075b000000, 0x000000075b000000, 0x000000075b200000|  0%| F|  |TAMS 0x000000075b000000, 0x000000075b000000| Untracked 
| 729|0x000000075b200000, 0x000000075b200000, 0x000000075b400000|  0%| F|  |TAMS 0x000000075b200000, 0x000000075b200000| Untracked 
| 730|0x000000075b400000, 0x000000075b400000, 0x000000075b600000|  0%| F|  |TAMS 0x000000075b400000, 0x000000075b400000| Untracked 
| 731|0x000000075b600000, 0x000000075b600000, 0x000000075b800000|  0%| F|  |TAMS 0x000000075b600000, 0x000000075b600000| Untracked 
| 732|0x000000075b800000, 0x000000075b800000, 0x000000075ba00000|  0%| F|  |TAMS 0x000000075b800000, 0x000000075b800000| Untracked 
| 733|0x000000075ba00000, 0x000000075ba00000, 0x000000075bc00000|  0%| F|  |TAMS 0x000000075ba00000, 0x000000075ba00000| Untracked 
| 734|0x000000075bc00000, 0x000000075bc00000, 0x000000075be00000|  0%| F|  |TAMS 0x000000075bc00000, 0x000000075bc00000| Untracked 
| 735|0x000000075be00000, 0x000000075be00000, 0x000000075c000000|  0%| F|  |TAMS 0x000000075be00000, 0x000000075be00000| Untracked 
| 736|0x000000075c000000, 0x000000075c000000, 0x000000075c200000|  0%| F|  |TAMS 0x000000075c000000, 0x000000075c000000| Untracked 
| 737|0x000000075c200000, 0x000000075c200000, 0x000000075c400000|  0%| F|  |TAMS 0x000000075c200000, 0x000000075c200000| Untracked 
| 738|0x000000075c400000, 0x000000075c400000, 0x000000075c600000|  0%| F|  |TAMS 0x000000075c400000, 0x000000075c400000| Untracked 
| 739|0x000000075c600000, 0x000000075c600000, 0x000000075c800000|  0%| F|  |TAMS 0x000000075c600000, 0x000000075c600000| Untracked 
| 740|0x000000075c800000, 0x000000075c800000, 0x000000075ca00000|  0%| F|  |TAMS 0x000000075c800000, 0x000000075c800000| Untracked 
| 741|0x000000075ca00000, 0x000000075ca00000, 0x000000075cc00000|  0%| F|  |TAMS 0x000000075ca00000, 0x000000075ca00000| Untracked 
| 742|0x000000075cc00000, 0x000000075cc00000, 0x000000075ce00000|  0%| F|  |TAMS 0x000000075cc00000, 0x000000075cc00000| Untracked 
| 743|0x000000075ce00000, 0x000000075ce00000, 0x000000075d000000|  0%| F|  |TAMS 0x000000075ce00000, 0x000000075ce00000| Untracked 
| 744|0x000000075d000000, 0x000000075d000000, 0x000000075d200000|  0%| F|  |TAMS 0x000000075d000000, 0x000000075d000000| Untracked 
| 745|0x000000075d200000, 0x000000075d200000, 0x000000075d400000|  0%| F|  |TAMS 0x000000075d200000, 0x000000075d200000| Untracked 
| 746|0x000000075d400000, 0x000000075d400000, 0x000000075d600000|  0%| F|  |TAMS 0x000000075d400000, 0x000000075d400000| Untracked 
| 747|0x000000075d600000, 0x000000075d600000, 0x000000075d800000|  0%| F|  |TAMS 0x000000075d600000, 0x000000075d600000| Untracked 
| 748|0x000000075d800000, 0x000000075d800000, 0x000000075da00000|  0%| F|  |TAMS 0x000000075d800000, 0x000000075d800000| Untracked 
| 749|0x000000075da00000, 0x000000075da00000, 0x000000075dc00000|  0%| F|  |TAMS 0x000000075da00000, 0x000000075da00000| Untracked 
| 750|0x000000075dc00000, 0x000000075dc00000, 0x000000075de00000|  0%| F|  |TAMS 0x000000075dc00000, 0x000000075dc00000| Untracked 
| 751|0x000000075de00000, 0x000000075de00000, 0x000000075e000000|  0%| F|  |TAMS 0x000000075de00000, 0x000000075de00000| Untracked 
| 752|0x000000075e000000, 0x000000075e000000, 0x000000075e200000|  0%| F|  |TAMS 0x000000075e000000, 0x000000075e000000| Untracked 
| 753|0x000000075e200000, 0x000000075e200000, 0x000000075e400000|  0%| F|  |TAMS 0x000000075e200000, 0x000000075e200000| Untracked 
| 754|0x000000075e400000, 0x000000075e400000, 0x000000075e600000|  0%| F|  |TAMS 0x000000075e400000, 0x000000075e400000| Untracked 
| 755|0x000000075e600000, 0x000000075e600000, 0x000000075e800000|  0%| F|  |TAMS 0x000000075e600000, 0x000000075e600000| Untracked 
| 756|0x000000075e800000, 0x000000075e800000, 0x000000075ea00000|  0%| F|  |TAMS 0x000000075e800000, 0x000000075e800000| Untracked 
| 757|0x000000075ea00000, 0x000000075ea00000, 0x000000075ec00000|  0%| F|  |TAMS 0x000000075ea00000, 0x000000075ea00000| Untracked 
| 758|0x000000075ec00000, 0x000000075ec00000, 0x000000075ee00000|  0%| F|  |TAMS 0x000000075ec00000, 0x000000075ec00000| Untracked 
| 759|0x000000075ee00000, 0x000000075ee00000, 0x000000075f000000|  0%| F|  |TAMS 0x000000075ee00000, 0x000000075ee00000| Untracked 
| 760|0x000000075f000000, 0x000000075f000000, 0x000000075f200000|  0%| F|  |TAMS 0x000000075f000000, 0x000000075f000000| Untracked 
| 761|0x000000075f200000, 0x000000075f200000, 0x000000075f400000|  0%| F|  |TAMS 0x000000075f200000, 0x000000075f200000| Untracked 
| 762|0x000000075f400000, 0x000000075f400000, 0x000000075f600000|  0%| F|  |TAMS 0x000000075f400000, 0x000000075f400000| Untracked 
| 763|0x000000075f600000, 0x000000075f600000, 0x000000075f800000|  0%| F|  |TAMS 0x000000075f600000, 0x000000075f600000| Untracked 
| 764|0x000000075f800000, 0x000000075f800000, 0x000000075fa00000|  0%| F|  |TAMS 0x000000075f800000, 0x000000075f800000| Untracked 
| 765|0x000000075fa00000, 0x000000075fa00000, 0x000000075fc00000|  0%| F|  |TAMS 0x000000075fa00000, 0x000000075fa00000| Untracked 
| 766|0x000000075fc00000, 0x000000075fc00000, 0x000000075fe00000|  0%| F|  |TAMS 0x000000075fc00000, 0x000000075fc00000| Untracked 
| 767|0x000000075fe00000, 0x000000075fe00000, 0x0000000760000000|  0%| F|  |TAMS 0x000000075fe00000, 0x000000075fe00000| Untracked 
| 768|0x0000000760000000, 0x0000000760000000, 0x0000000760200000|  0%| F|  |TAMS 0x0000000760000000, 0x0000000760000000| Untracked 
| 769|0x0000000760200000, 0x0000000760200000, 0x0000000760400000|  0%| F|  |TAMS 0x0000000760200000, 0x0000000760200000| Untracked 
| 770|0x0000000760400000, 0x0000000760400000, 0x0000000760600000|  0%| F|  |TAMS 0x0000000760400000, 0x0000000760400000| Untracked 
| 771|0x0000000760600000, 0x0000000760600000, 0x0000000760800000|  0%| F|  |TAMS 0x0000000760600000, 0x0000000760600000| Untracked 
| 772|0x0000000760800000, 0x0000000760800000, 0x0000000760a00000|  0%| F|  |TAMS 0x0000000760800000, 0x0000000760800000| Untracked 
| 773|0x0000000760a00000, 0x0000000760a00000, 0x0000000760c00000|  0%| F|  |TAMS 0x0000000760a00000, 0x0000000760a00000| Untracked 
| 774|0x0000000760c00000, 0x0000000760c00000, 0x0000000760e00000|  0%| F|  |TAMS 0x0000000760c00000, 0x0000000760c00000| Untracked 
| 775|0x0000000760e00000, 0x0000000760e00000, 0x0000000761000000|  0%| F|  |TAMS 0x0000000760e00000, 0x0000000760e00000| Untracked 
| 776|0x0000000761000000, 0x0000000761000000, 0x0000000761200000|  0%| F|  |TAMS 0x0000000761000000, 0x0000000761000000| Untracked 
| 777|0x0000000761200000, 0x0000000761200000, 0x0000000761400000|  0%| F|  |TAMS 0x0000000761200000, 0x0000000761200000| Untracked 
| 778|0x0000000761400000, 0x0000000761400000, 0x0000000761600000|  0%| F|  |TAMS 0x0000000761400000, 0x0000000761400000| Untracked 
| 779|0x0000000761600000, 0x0000000761600000, 0x0000000761800000|  0%| F|  |TAMS 0x0000000761600000, 0x0000000761600000| Untracked 
| 780|0x0000000761800000, 0x0000000761800000, 0x0000000761a00000|  0%| F|  |TAMS 0x0000000761800000, 0x0000000761800000| Untracked 
| 781|0x0000000761a00000, 0x0000000761a00000, 0x0000000761c00000|  0%| F|  |TAMS 0x0000000761a00000, 0x0000000761a00000| Untracked 
| 782|0x0000000761c00000, 0x0000000761c00000, 0x0000000761e00000|  0%| F|  |TAMS 0x0000000761c00000, 0x0000000761c00000| Untracked 
| 783|0x0000000761e00000, 0x0000000761e00000, 0x0000000762000000|  0%| F|  |TAMS 0x0000000761e00000, 0x0000000761e00000| Untracked 
| 784|0x0000000762000000, 0x0000000762000000, 0x0000000762200000|  0%| F|  |TAMS 0x0000000762000000, 0x0000000762000000| Untracked 
| 785|0x0000000762200000, 0x0000000762200000, 0x0000000762400000|  0%| F|  |TAMS 0x0000000762200000, 0x0000000762200000| Untracked 
| 786|0x0000000762400000, 0x0000000762400000, 0x0000000762600000|  0%| F|  |TAMS 0x0000000762400000, 0x0000000762400000| Untracked 
| 787|0x0000000762600000, 0x0000000762600000, 0x0000000762800000|  0%| F|  |TAMS 0x0000000762600000, 0x0000000762600000| Untracked 
| 788|0x0000000762800000, 0x0000000762800000, 0x0000000762a00000|  0%| F|  |TAMS 0x0000000762800000, 0x0000000762800000| Untracked 
| 789|0x0000000762a00000, 0x0000000762a00000, 0x0000000762c00000|  0%| F|  |TAMS 0x0000000762a00000, 0x0000000762a00000| Untracked 
| 790|0x0000000762c00000, 0x0000000762c00000, 0x0000000762e00000|  0%| F|  |TAMS 0x0000000762c00000, 0x0000000762c00000| Untracked 
| 791|0x0000000762e00000, 0x0000000762e00000, 0x0000000763000000|  0%| F|  |TAMS 0x0000000762e00000, 0x0000000762e00000| Untracked 
| 792|0x0000000763000000, 0x0000000763000000, 0x0000000763200000|  0%| F|  |TAMS 0x0000000763000000, 0x0000000763000000| Untracked 
| 793|0x0000000763200000, 0x0000000763200000, 0x0000000763400000|  0%| F|  |TAMS 0x0000000763200000, 0x0000000763200000| Untracked 
| 794|0x0000000763400000, 0x0000000763400000, 0x0000000763600000|  0%| F|  |TAMS 0x0000000763400000, 0x0000000763400000| Untracked 
| 795|0x0000000763600000, 0x0000000763600000, 0x0000000763800000|  0%| F|  |TAMS 0x0000000763600000, 0x0000000763600000| Untracked 
| 796|0x0000000763800000, 0x0000000763800000, 0x0000000763a00000|  0%| F|  |TAMS 0x0000000763800000, 0x0000000763800000| Untracked 
| 797|0x0000000763a00000, 0x0000000763a00000, 0x0000000763c00000|  0%| F|  |TAMS 0x0000000763a00000, 0x0000000763a00000| Untracked 
| 798|0x0000000763c00000, 0x0000000763c00000, 0x0000000763e00000|  0%| F|  |TAMS 0x0000000763c00000, 0x0000000763c00000| Untracked 
| 799|0x0000000763e00000, 0x0000000763e00000, 0x0000000764000000|  0%| F|  |TAMS 0x0000000763e00000, 0x0000000763e00000| Untracked 
| 800|0x0000000764000000, 0x0000000764000000, 0x0000000764200000|  0%| F|  |TAMS 0x0000000764000000, 0x0000000764000000| Untracked 
| 801|0x0000000764200000, 0x0000000764200000, 0x0000000764400000|  0%| F|  |TAMS 0x0000000764200000, 0x0000000764200000| Untracked 
| 802|0x0000000764400000, 0x0000000764400000, 0x0000000764600000|  0%| F|  |TAMS 0x0000000764400000, 0x0000000764400000| Untracked 
| 803|0x0000000764600000, 0x0000000764600000, 0x0000000764800000|  0%| F|  |TAMS 0x0000000764600000, 0x0000000764600000| Untracked 
| 804|0x0000000764800000, 0x0000000764800000, 0x0000000764a00000|  0%| F|  |TAMS 0x0000000764800000, 0x0000000764800000| Untracked 
| 805|0x0000000764a00000, 0x0000000764a00000, 0x0000000764c00000|  0%| F|  |TAMS 0x0000000764a00000, 0x0000000764a00000| Untracked 
| 806|0x0000000764c00000, 0x0000000764c00000, 0x0000000764e00000|  0%| F|  |TAMS 0x0000000764c00000, 0x0000000764c00000| Untracked 
| 807|0x0000000764e00000, 0x0000000764e00000, 0x0000000765000000|  0%| F|  |TAMS 0x0000000764e00000, 0x0000000764e00000| Untracked 
| 808|0x0000000765000000, 0x0000000765000000, 0x0000000765200000|  0%| F|  |TAMS 0x0000000765000000, 0x0000000765000000| Untracked 
| 809|0x0000000765200000, 0x0000000765200000, 0x0000000765400000|  0%| F|  |TAMS 0x0000000765200000, 0x0000000765200000| Untracked 
| 810|0x0000000765400000, 0x0000000765400000, 0x0000000765600000|  0%| F|  |TAMS 0x0000000765400000, 0x0000000765400000| Untracked 
| 811|0x0000000765600000, 0x0000000765600000, 0x0000000765800000|  0%| F|  |TAMS 0x0000000765600000, 0x0000000765600000| Untracked 
| 812|0x0000000765800000, 0x0000000765800000, 0x0000000765a00000|  0%| F|  |TAMS 0x0000000765800000, 0x0000000765800000| Untracked 
| 813|0x0000000765a00000, 0x0000000765a00000, 0x0000000765c00000|  0%| F|  |TAMS 0x0000000765a00000, 0x0000000765a00000| Untracked 
| 814|0x0000000765c00000, 0x0000000765c00000, 0x0000000765e00000|  0%| F|  |TAMS 0x0000000765c00000, 0x0000000765c00000| Untracked 
| 815|0x0000000765e00000, 0x0000000765e00000, 0x0000000766000000|  0%| F|  |TAMS 0x0000000765e00000, 0x0000000765e00000| Untracked 
| 816|0x0000000766000000, 0x0000000766000000, 0x0000000766200000|  0%| F|  |TAMS 0x0000000766000000, 0x0000000766000000| Untracked 
| 817|0x0000000766200000, 0x0000000766200000, 0x0000000766400000|  0%| F|  |TAMS 0x0000000766200000, 0x0000000766200000| Untracked 
| 818|0x0000000766400000, 0x0000000766400000, 0x0000000766600000|  0%| F|  |TAMS 0x0000000766400000, 0x0000000766400000| Untracked 
| 819|0x0000000766600000, 0x0000000766600000, 0x0000000766800000|  0%| F|  |TAMS 0x0000000766600000, 0x0000000766600000| Untracked 
| 820|0x0000000766800000, 0x0000000766800000, 0x0000000766a00000|  0%| F|  |TAMS 0x0000000766800000, 0x0000000766800000| Untracked 
| 821|0x0000000766a00000, 0x0000000766a00000, 0x0000000766c00000|  0%| F|  |TAMS 0x0000000766a00000, 0x0000000766a00000| Untracked 
| 822|0x0000000766c00000, 0x0000000766c00000, 0x0000000766e00000|  0%| F|  |TAMS 0x0000000766c00000, 0x0000000766c00000| Untracked 
| 823|0x0000000766e00000, 0x0000000766e00000, 0x0000000767000000|  0%| F|  |TAMS 0x0000000766e00000, 0x0000000766e00000| Untracked 
| 824|0x0000000767000000, 0x0000000767000000, 0x0000000767200000|  0%| F|  |TAMS 0x0000000767000000, 0x0000000767000000| Untracked 
| 825|0x0000000767200000, 0x0000000767200000, 0x0000000767400000|  0%| F|  |TAMS 0x0000000767200000, 0x0000000767200000| Untracked 
| 826|0x0000000767400000, 0x0000000767400000, 0x0000000767600000|  0%| F|  |TAMS 0x0000000767400000, 0x0000000767400000| Untracked 
| 827|0x0000000767600000, 0x0000000767600000, 0x0000000767800000|  0%| F|  |TAMS 0x0000000767600000, 0x0000000767600000| Untracked 
| 828|0x0000000767800000, 0x0000000767800000, 0x0000000767a00000|  0%| F|  |TAMS 0x0000000767800000, 0x0000000767800000| Untracked 
| 829|0x0000000767a00000, 0x0000000767a00000, 0x0000000767c00000|  0%| F|  |TAMS 0x0000000767a00000, 0x0000000767a00000| Untracked 
| 830|0x0000000767c00000, 0x0000000767c00000, 0x0000000767e00000|  0%| F|  |TAMS 0x0000000767c00000, 0x0000000767c00000| Untracked 
| 831|0x0000000767e00000, 0x0000000767e00000, 0x0000000768000000|  0%| F|  |TAMS 0x0000000767e00000, 0x0000000767e00000| Untracked 
| 832|0x0000000768000000, 0x0000000768000000, 0x0000000768200000|  0%| F|  |TAMS 0x0000000768000000, 0x0000000768000000| Untracked 
| 833|0x0000000768200000, 0x0000000768200000, 0x0000000768400000|  0%| F|  |TAMS 0x0000000768200000, 0x0000000768200000| Untracked 
| 834|0x0000000768400000, 0x0000000768400000, 0x0000000768600000|  0%| F|  |TAMS 0x0000000768400000, 0x0000000768400000| Untracked 
| 835|0x0000000768600000, 0x0000000768600000, 0x0000000768800000|  0%| F|  |TAMS 0x0000000768600000, 0x0000000768600000| Untracked 
| 836|0x0000000768800000, 0x0000000768800000, 0x0000000768a00000|  0%| F|  |TAMS 0x0000000768800000, 0x0000000768800000| Untracked 
| 837|0x0000000768a00000, 0x0000000768a00000, 0x0000000768c00000|  0%| F|  |TAMS 0x0000000768a00000, 0x0000000768a00000| Untracked 
| 838|0x0000000768c00000, 0x0000000768c00000, 0x0000000768e00000|  0%| F|  |TAMS 0x0000000768c00000, 0x0000000768c00000| Untracked 
| 839|0x0000000768e00000, 0x0000000768e00000, 0x0000000769000000|  0%| F|  |TAMS 0x0000000768e00000, 0x0000000768e00000| Untracked 
| 840|0x0000000769000000, 0x0000000769000000, 0x0000000769200000|  0%| F|  |TAMS 0x0000000769000000, 0x0000000769000000| Untracked 
| 841|0x0000000769200000, 0x0000000769200000, 0x0000000769400000|  0%| F|  |TAMS 0x0000000769200000, 0x0000000769200000| Untracked 
| 842|0x0000000769400000, 0x0000000769400000, 0x0000000769600000|  0%| F|  |TAMS 0x0000000769400000, 0x0000000769400000| Untracked 
| 843|0x0000000769600000, 0x0000000769600000, 0x0000000769800000|  0%| F|  |TAMS 0x0000000769600000, 0x0000000769600000| Untracked 
| 844|0x0000000769800000, 0x0000000769800000, 0x0000000769a00000|  0%| F|  |TAMS 0x0000000769800000, 0x0000000769800000| Untracked 
| 845|0x0000000769a00000, 0x0000000769a00000, 0x0000000769c00000|  0%| F|  |TAMS 0x0000000769a00000, 0x0000000769a00000| Untracked 
| 846|0x0000000769c00000, 0x0000000769c00000, 0x0000000769e00000|  0%| F|  |TAMS 0x0000000769c00000, 0x0000000769c00000| Untracked 
| 847|0x0000000769e00000, 0x0000000769e00000, 0x000000076a000000|  0%| F|  |TAMS 0x0000000769e00000, 0x0000000769e00000| Untracked 
| 848|0x000000076a000000, 0x000000076a000000, 0x000000076a200000|  0%| F|  |TAMS 0x000000076a000000, 0x000000076a000000| Untracked 
| 849|0x000000076a200000, 0x000000076a200000, 0x000000076a400000|  0%| F|  |TAMS 0x000000076a200000, 0x000000076a200000| Untracked 
| 850|0x000000076a400000, 0x000000076a400000, 0x000000076a600000|  0%| F|  |TAMS 0x000000076a400000, 0x000000076a400000| Untracked 
| 851|0x000000076a600000, 0x000000076a600000, 0x000000076a800000|  0%| F|  |TAMS 0x000000076a600000, 0x000000076a600000| Untracked 
| 852|0x000000076a800000, 0x000000076a800000, 0x000000076aa00000|  0%| F|  |TAMS 0x000000076a800000, 0x000000076a800000| Untracked 
| 853|0x000000076aa00000, 0x000000076aa00000, 0x000000076ac00000|  0%| F|  |TAMS 0x000000076aa00000, 0x000000076aa00000| Untracked 
| 854|0x000000076ac00000, 0x000000076ac00000, 0x000000076ae00000|  0%| F|  |TAMS 0x000000076ac00000, 0x000000076ac00000| Untracked 
| 855|0x000000076ae00000, 0x000000076ae00000, 0x000000076b000000|  0%| F|  |TAMS 0x000000076ae00000, 0x000000076ae00000| Untracked 
| 856|0x000000076b000000, 0x000000076b000000, 0x000000076b200000|  0%| F|  |TAMS 0x000000076b000000, 0x000000076b000000| Untracked 
| 857|0x000000076b200000, 0x000000076b200000, 0x000000076b400000|  0%| F|  |TAMS 0x000000076b200000, 0x000000076b200000| Untracked 
| 858|0x000000076b400000, 0x000000076b400000, 0x000000076b600000|  0%| F|  |TAMS 0x000000076b400000, 0x000000076b400000| Untracked 
| 859|0x000000076b600000, 0x000000076b600000, 0x000000076b800000|  0%| F|  |TAMS 0x000000076b600000, 0x000000076b600000| Untracked 
| 860|0x000000076b800000, 0x000000076b800000, 0x000000076ba00000|  0%| F|  |TAMS 0x000000076b800000, 0x000000076b800000| Untracked 
| 861|0x000000076ba00000, 0x000000076ba00000, 0x000000076bc00000|  0%| F|  |TAMS 0x000000076ba00000, 0x000000076ba00000| Untracked 
| 862|0x000000076bc00000, 0x000000076bc00000, 0x000000076be00000|  0%| F|  |TAMS 0x000000076bc00000, 0x000000076bc00000| Untracked 
| 863|0x000000076be00000, 0x000000076be00000, 0x000000076c000000|  0%| F|  |TAMS 0x000000076be00000, 0x000000076be00000| Untracked 
| 864|0x000000076c000000, 0x000000076c000000, 0x000000076c200000|  0%| F|  |TAMS 0x000000076c000000, 0x000000076c000000| Untracked 
| 865|0x000000076c200000, 0x000000076c200000, 0x000000076c400000|  0%| F|  |TAMS 0x000000076c200000, 0x000000076c200000| Untracked 
| 866|0x000000076c400000, 0x000000076c400000, 0x000000076c600000|  0%| F|  |TAMS 0x000000076c400000, 0x000000076c400000| Untracked 
| 867|0x000000076c600000, 0x000000076c600000, 0x000000076c800000|  0%| F|  |TAMS 0x000000076c600000, 0x000000076c600000| Untracked 
| 868|0x000000076c800000, 0x000000076c800000, 0x000000076ca00000|  0%| F|  |TAMS 0x000000076c800000, 0x000000076c800000| Untracked 
| 869|0x000000076ca00000, 0x000000076ca00000, 0x000000076cc00000|  0%| F|  |TAMS 0x000000076ca00000, 0x000000076ca00000| Untracked 
| 870|0x000000076cc00000, 0x000000076cc00000, 0x000000076ce00000|  0%| F|  |TAMS 0x000000076cc00000, 0x000000076cc00000| Untracked 
| 871|0x000000076ce00000, 0x000000076ce00000, 0x000000076d000000|  0%| F|  |TAMS 0x000000076ce00000, 0x000000076ce00000| Untracked 
| 872|0x000000076d000000, 0x000000076d000000, 0x000000076d200000|  0%| F|  |TAMS 0x000000076d000000, 0x000000076d000000| Untracked 
| 873|0x000000076d200000, 0x000000076d200000, 0x000000076d400000|  0%| F|  |TAMS 0x000000076d200000, 0x000000076d200000| Untracked 
| 874|0x000000076d400000, 0x000000076d400000, 0x000000076d600000|  0%| F|  |TAMS 0x000000076d400000, 0x000000076d400000| Untracked 
| 875|0x000000076d600000, 0x000000076d600000, 0x000000076d800000|  0%| F|  |TAMS 0x000000076d600000, 0x000000076d600000| Untracked 
| 876|0x000000076d800000, 0x000000076d800000, 0x000000076da00000|  0%| F|  |TAMS 0x000000076d800000, 0x000000076d800000| Untracked 
| 877|0x000000076da00000, 0x000000076da00000, 0x000000076dc00000|  0%| F|  |TAMS 0x000000076da00000, 0x000000076da00000| Untracked 
| 878|0x000000076dc00000, 0x000000076dc00000, 0x000000076de00000|  0%| F|  |TAMS 0x000000076dc00000, 0x000000076dc00000| Untracked 
| 879|0x000000076de00000, 0x000000076de00000, 0x000000076e000000|  0%| F|  |TAMS 0x000000076de00000, 0x000000076de00000| Untracked 
| 880|0x000000076e000000, 0x000000076e000000, 0x000000076e200000|  0%| F|  |TAMS 0x000000076e000000, 0x000000076e000000| Untracked 
| 881|0x000000076e200000, 0x000000076e200000, 0x000000076e400000|  0%| F|  |TAMS 0x000000076e200000, 0x000000076e200000| Untracked 
| 882|0x000000076e400000, 0x000000076e400000, 0x000000076e600000|  0%| F|  |TAMS 0x000000076e400000, 0x000000076e400000| Untracked 
| 883|0x000000076e600000, 0x000000076e600000, 0x000000076e800000|  0%| F|  |TAMS 0x000000076e600000, 0x000000076e600000| Untracked 
| 884|0x000000076e800000, 0x000000076e800000, 0x000000076ea00000|  0%| F|  |TAMS 0x000000076e800000, 0x000000076e800000| Untracked 
| 885|0x000000076ea00000, 0x000000076ea00000, 0x000000076ec00000|  0%| F|  |TAMS 0x000000076ea00000, 0x000000076ea00000| Untracked 
| 886|0x000000076ec00000, 0x000000076ec00000, 0x000000076ee00000|  0%| F|  |TAMS 0x000000076ec00000, 0x000000076ec00000| Untracked 
| 887|0x000000076ee00000, 0x000000076ee00000, 0x000000076f000000|  0%| F|  |TAMS 0x000000076ee00000, 0x000000076ee00000| Untracked 
| 888|0x000000076f000000, 0x000000076f000000, 0x000000076f200000|  0%| F|  |TAMS 0x000000076f000000, 0x000000076f000000| Untracked 
| 889|0x000000076f200000, 0x000000076f200000, 0x000000076f400000|  0%| F|  |TAMS 0x000000076f200000, 0x000000076f200000| Untracked 
| 890|0x000000076f400000, 0x000000076f400000, 0x000000076f600000|  0%| F|  |TAMS 0x000000076f400000, 0x000000076f400000| Untracked 
| 891|0x000000076f600000, 0x000000076f600000, 0x000000076f800000|  0%| F|  |TAMS 0x000000076f600000, 0x000000076f600000| Untracked 
| 892|0x000000076f800000, 0x000000076f800000, 0x000000076fa00000|  0%| F|  |TAMS 0x000000076f800000, 0x000000076f800000| Untracked 
| 893|0x000000076fa00000, 0x000000076fa00000, 0x000000076fc00000|  0%| F|  |TAMS 0x000000076fa00000, 0x000000076fa00000| Untracked 
| 894|0x000000076fc00000, 0x000000076fc00000, 0x000000076fe00000|  0%| F|  |TAMS 0x000000076fc00000, 0x000000076fc00000| Untracked 
| 895|0x000000076fe00000, 0x000000076fe00000, 0x0000000770000000|  0%| F|  |TAMS 0x000000076fe00000, 0x000000076fe00000| Untracked 
| 896|0x0000000770000000, 0x0000000770000000, 0x0000000770200000|  0%| F|  |TAMS 0x0000000770000000, 0x0000000770000000| Untracked 
| 897|0x0000000770200000, 0x0000000770200000, 0x0000000770400000|  0%| F|  |TAMS 0x0000000770200000, 0x0000000770200000| Untracked 
| 898|0x0000000770400000, 0x0000000770400000, 0x0000000770600000|  0%| F|  |TAMS 0x0000000770400000, 0x0000000770400000| Untracked 
| 899|0x0000000770600000, 0x0000000770600000, 0x0000000770800000|  0%| F|  |TAMS 0x0000000770600000, 0x0000000770600000| Untracked 
| 900|0x0000000770800000, 0x0000000770800000, 0x0000000770a00000|  0%| F|  |TAMS 0x0000000770800000, 0x0000000770800000| Untracked 
| 901|0x0000000770a00000, 0x0000000770a00000, 0x0000000770c00000|  0%| F|  |TAMS 0x0000000770a00000, 0x0000000770a00000| Untracked 
| 902|0x0000000770c00000, 0x0000000770c00000, 0x0000000770e00000|  0%| F|  |TAMS 0x0000000770c00000, 0x0000000770c00000| Untracked 
| 903|0x0000000770e00000, 0x0000000770e00000, 0x0000000771000000|  0%| F|  |TAMS 0x0000000770e00000, 0x0000000770e00000| Untracked 
| 904|0x0000000771000000, 0x0000000771000000, 0x0000000771200000|  0%| F|  |TAMS 0x0000000771000000, 0x0000000771000000| Untracked 
| 905|0x0000000771200000, 0x0000000771200000, 0x0000000771400000|  0%| F|  |TAMS 0x0000000771200000, 0x0000000771200000| Untracked 
| 906|0x0000000771400000, 0x0000000771400000, 0x0000000771600000|  0%| F|  |TAMS 0x0000000771400000, 0x0000000771400000| Untracked 
| 907|0x0000000771600000, 0x0000000771600000, 0x0000000771800000|  0%| F|  |TAMS 0x0000000771600000, 0x0000000771600000| Untracked 
| 908|0x0000000771800000, 0x0000000771800000, 0x0000000771a00000|  0%| F|  |TAMS 0x0000000771800000, 0x0000000771800000| Untracked 
| 909|0x0000000771a00000, 0x0000000771a00000, 0x0000000771c00000|  0%| F|  |TAMS 0x0000000771a00000, 0x0000000771a00000| Untracked 
| 910|0x0000000771c00000, 0x0000000771c00000, 0x0000000771e00000|  0%| F|  |TAMS 0x0000000771c00000, 0x0000000771c00000| Untracked 
| 911|0x0000000771e00000, 0x0000000771e00000, 0x0000000772000000|  0%| F|  |TAMS 0x0000000771e00000, 0x0000000771e00000| Untracked 
| 912|0x0000000772000000, 0x0000000772000000, 0x0000000772200000|  0%| F|  |TAMS 0x0000000772000000, 0x0000000772000000| Untracked 
| 913|0x0000000772200000, 0x0000000772200000, 0x0000000772400000|  0%| F|  |TAMS 0x0000000772200000, 0x0000000772200000| Untracked 
| 914|0x0000000772400000, 0x0000000772400000, 0x0000000772600000|  0%| F|  |TAMS 0x0000000772400000, 0x0000000772400000| Untracked 
| 915|0x0000000772600000, 0x0000000772600000, 0x0000000772800000|  0%| F|  |TAMS 0x0000000772600000, 0x0000000772600000| Untracked 
| 916|0x0000000772800000, 0x0000000772800000, 0x0000000772a00000|  0%| F|  |TAMS 0x0000000772800000, 0x0000000772800000| Untracked 
| 917|0x0000000772a00000, 0x0000000772a00000, 0x0000000772c00000|  0%| F|  |TAMS 0x0000000772a00000, 0x0000000772a00000| Untracked 
| 918|0x0000000772c00000, 0x0000000772c00000, 0x0000000772e00000|  0%| F|  |TAMS 0x0000000772c00000, 0x0000000772c00000| Untracked 
| 919|0x0000000772e00000, 0x0000000772e00000, 0x0000000773000000|  0%| F|  |TAMS 0x0000000772e00000, 0x0000000772e00000| Untracked 
| 920|0x0000000773000000, 0x0000000773000000, 0x0000000773200000|  0%| F|  |TAMS 0x0000000773000000, 0x0000000773000000| Untracked 
| 921|0x0000000773200000, 0x0000000773200000, 0x0000000773400000|  0%| F|  |TAMS 0x0000000773200000, 0x0000000773200000| Untracked 
| 922|0x0000000773400000, 0x0000000773400000, 0x0000000773600000|  0%| F|  |TAMS 0x0000000773400000, 0x0000000773400000| Untracked 
| 923|0x0000000773600000, 0x0000000773600000, 0x0000000773800000|  0%| F|  |TAMS 0x0000000773600000, 0x0000000773600000| Untracked 
| 924|0x0000000773800000, 0x0000000773800000, 0x0000000773a00000|  0%| F|  |TAMS 0x0000000773800000, 0x0000000773800000| Untracked 
| 925|0x0000000773a00000, 0x0000000773a00000, 0x0000000773c00000|  0%| F|  |TAMS 0x0000000773a00000, 0x0000000773a00000| Untracked 
| 926|0x0000000773c00000, 0x0000000773c00000, 0x0000000773e00000|  0%| F|  |TAMS 0x0000000773c00000, 0x0000000773c00000| Untracked 
| 927|0x0000000773e00000, 0x0000000773e00000, 0x0000000774000000|  0%| F|  |TAMS 0x0000000773e00000, 0x0000000773e00000| Untracked 
| 928|0x0000000774000000, 0x0000000774000000, 0x0000000774200000|  0%| F|  |TAMS 0x0000000774000000, 0x0000000774000000| Untracked 
| 929|0x0000000774200000, 0x0000000774200000, 0x0000000774400000|  0%| F|  |TAMS 0x0000000774200000, 0x0000000774200000| Untracked 
| 930|0x0000000774400000, 0x0000000774400000, 0x0000000774600000|  0%| F|  |TAMS 0x0000000774400000, 0x0000000774400000| Untracked 
| 931|0x0000000774600000, 0x0000000774600000, 0x0000000774800000|  0%| F|  |TAMS 0x0000000774600000, 0x0000000774600000| Untracked 
| 932|0x0000000774800000, 0x0000000774800000, 0x0000000774a00000|  0%| F|  |TAMS 0x0000000774800000, 0x0000000774800000| Untracked 
| 933|0x0000000774a00000, 0x0000000774a00000, 0x0000000774c00000|  0%| F|  |TAMS 0x0000000774a00000, 0x0000000774a00000| Untracked 
| 934|0x0000000774c00000, 0x0000000774c00000, 0x0000000774e00000|  0%| F|  |TAMS 0x0000000774c00000, 0x0000000774c00000| Untracked 
| 935|0x0000000774e00000, 0x0000000774e00000, 0x0000000775000000|  0%| F|  |TAMS 0x0000000774e00000, 0x0000000774e00000| Untracked 
| 936|0x0000000775000000, 0x0000000775000000, 0x0000000775200000|  0%| F|  |TAMS 0x0000000775000000, 0x0000000775000000| Untracked 
| 937|0x0000000775200000, 0x0000000775200000, 0x0000000775400000|  0%| F|  |TAMS 0x0000000775200000, 0x0000000775200000| Untracked 
| 938|0x0000000775400000, 0x0000000775400000, 0x0000000775600000|  0%| F|  |TAMS 0x0000000775400000, 0x0000000775400000| Untracked 
| 939|0x0000000775600000, 0x0000000775600000, 0x0000000775800000|  0%| F|  |TAMS 0x0000000775600000, 0x0000000775600000| Untracked 
| 940|0x0000000775800000, 0x0000000775800000, 0x0000000775a00000|  0%| F|  |TAMS 0x0000000775800000, 0x0000000775800000| Untracked 
| 941|0x0000000775a00000, 0x0000000775a00000, 0x0000000775c00000|  0%| F|  |TAMS 0x0000000775a00000, 0x0000000775a00000| Untracked 
| 942|0x0000000775c00000, 0x0000000775c00000, 0x0000000775e00000|  0%| F|  |TAMS 0x0000000775c00000, 0x0000000775c00000| Untracked 
| 943|0x0000000775e00000, 0x0000000775e00000, 0x0000000776000000|  0%| F|  |TAMS 0x0000000775e00000, 0x0000000775e00000| Untracked 
| 944|0x0000000776000000, 0x0000000776000000, 0x0000000776200000|  0%| F|  |TAMS 0x0000000776000000, 0x0000000776000000| Untracked 
| 945|0x0000000776200000, 0x0000000776200000, 0x0000000776400000|  0%| F|  |TAMS 0x0000000776200000, 0x0000000776200000| Untracked 
| 946|0x0000000776400000, 0x0000000776400000, 0x0000000776600000|  0%| F|  |TAMS 0x0000000776400000, 0x0000000776400000| Untracked 
| 947|0x0000000776600000, 0x0000000776600000, 0x0000000776800000|  0%| F|  |TAMS 0x0000000776600000, 0x0000000776600000| Untracked 
| 948|0x0000000776800000, 0x0000000776800000, 0x0000000776a00000|  0%| F|  |TAMS 0x0000000776800000, 0x0000000776800000| Untracked 
| 949|0x0000000776a00000, 0x0000000776a00000, 0x0000000776c00000|  0%| F|  |TAMS 0x0000000776a00000, 0x0000000776a00000| Untracked 
| 950|0x0000000776c00000, 0x0000000776c00000, 0x0000000776e00000|  0%| F|  |TAMS 0x0000000776c00000, 0x0000000776c00000| Untracked 
| 951|0x0000000776e00000, 0x0000000776e00000, 0x0000000777000000|  0%| F|  |TAMS 0x0000000776e00000, 0x0000000776e00000| Untracked 
| 952|0x0000000777000000, 0x0000000777000000, 0x0000000777200000|  0%| F|  |TAMS 0x0000000777000000, 0x0000000777000000| Untracked 
| 953|0x0000000777200000, 0x0000000777200000, 0x0000000777400000|  0%| F|  |TAMS 0x0000000777200000, 0x0000000777200000| Untracked 
| 954|0x0000000777400000, 0x0000000777400000, 0x0000000777600000|  0%| F|  |TAMS 0x0000000777400000, 0x0000000777400000| Untracked 
| 955|0x0000000777600000, 0x0000000777600000, 0x0000000777800000|  0%| F|  |TAMS 0x0000000777600000, 0x0000000777600000| Untracked 
| 956|0x0000000777800000, 0x0000000777800000, 0x0000000777a00000|  0%| F|  |TAMS 0x0000000777800000, 0x0000000777800000| Untracked 
| 957|0x0000000777a00000, 0x0000000777a00000, 0x0000000777c00000|  0%| F|  |TAMS 0x0000000777a00000, 0x0000000777a00000| Untracked 
| 958|0x0000000777c00000, 0x0000000777c00000, 0x0000000777e00000|  0%| F|  |TAMS 0x0000000777c00000, 0x0000000777c00000| Untracked 
| 959|0x0000000777e00000, 0x0000000777e00000, 0x0000000778000000|  0%| F|  |TAMS 0x0000000777e00000, 0x0000000777e00000| Untracked 
| 960|0x0000000778000000, 0x0000000778000000, 0x0000000778200000|  0%| F|  |TAMS 0x0000000778000000, 0x0000000778000000| Untracked 
| 961|0x0000000778200000, 0x0000000778200000, 0x0000000778400000|  0%| F|  |TAMS 0x0000000778200000, 0x0000000778200000| Untracked 
| 962|0x0000000778400000, 0x0000000778400000, 0x0000000778600000|  0%| F|  |TAMS 0x0000000778400000, 0x0000000778400000| Untracked 
| 963|0x0000000778600000, 0x0000000778600000, 0x0000000778800000|  0%| F|  |TAMS 0x0000000778600000, 0x0000000778600000| Untracked 
| 964|0x0000000778800000, 0x0000000778800000, 0x0000000778a00000|  0%| F|  |TAMS 0x0000000778800000, 0x0000000778800000| Untracked 
| 965|0x0000000778a00000, 0x0000000778a00000, 0x0000000778c00000|  0%| F|  |TAMS 0x0000000778a00000, 0x0000000778a00000| Untracked 
| 966|0x0000000778c00000, 0x0000000778c00000, 0x0000000778e00000|  0%| F|  |TAMS 0x0000000778c00000, 0x0000000778c00000| Untracked 
| 967|0x0000000778e00000, 0x0000000778e00000, 0x0000000779000000|  0%| F|  |TAMS 0x0000000778e00000, 0x0000000778e00000| Untracked 
| 968|0x0000000779000000, 0x0000000779000000, 0x0000000779200000|  0%| F|  |TAMS 0x0000000779000000, 0x0000000779000000| Untracked 
| 969|0x0000000779200000, 0x0000000779200000, 0x0000000779400000|  0%| F|  |TAMS 0x0000000779200000, 0x0000000779200000| Untracked 
| 970|0x0000000779400000, 0x0000000779400000, 0x0000000779600000|  0%| F|  |TAMS 0x0000000779400000, 0x0000000779400000| Untracked 
| 971|0x0000000779600000, 0x0000000779600000, 0x0000000779800000|  0%| F|  |TAMS 0x0000000779600000, 0x0000000779600000| Untracked 
| 972|0x0000000779800000, 0x0000000779800000, 0x0000000779a00000|  0%| F|  |TAMS 0x0000000779800000, 0x0000000779800000| Untracked 
| 973|0x0000000779a00000, 0x0000000779a00000, 0x0000000779c00000|  0%| F|  |TAMS 0x0000000779a00000, 0x0000000779a00000| Untracked 
| 974|0x0000000779c00000, 0x0000000779c00000, 0x0000000779e00000|  0%| F|  |TAMS 0x0000000779c00000, 0x0000000779c00000| Untracked 
| 975|0x0000000779e00000, 0x0000000779e00000, 0x000000077a000000|  0%| F|  |TAMS 0x0000000779e00000, 0x0000000779e00000| Untracked 
| 976|0x000000077a000000, 0x000000077a000000, 0x000000077a200000|  0%| F|  |TAMS 0x000000077a000000, 0x000000077a000000| Untracked 
| 977|0x000000077a200000, 0x000000077a200000, 0x000000077a400000|  0%| F|  |TAMS 0x000000077a200000, 0x000000077a200000| Untracked 
| 978|0x000000077a400000, 0x000000077a400000, 0x000000077a600000|  0%| F|  |TAMS 0x000000077a400000, 0x000000077a400000| Untracked 
| 979|0x000000077a600000, 0x000000077a600000, 0x000000077a800000|  0%| F|  |TAMS 0x000000077a600000, 0x000000077a600000| Untracked 
| 980|0x000000077a800000, 0x000000077a800000, 0x000000077aa00000|  0%| F|  |TAMS 0x000000077a800000, 0x000000077a800000| Untracked 
| 981|0x000000077aa00000, 0x000000077aa00000, 0x000000077ac00000|  0%| F|  |TAMS 0x000000077aa00000, 0x000000077aa00000| Untracked 
| 982|0x000000077ac00000, 0x000000077ac00000, 0x000000077ae00000|  0%| F|  |TAMS 0x000000077ac00000, 0x000000077ac00000| Untracked 
| 983|0x000000077ae00000, 0x000000077ae00000, 0x000000077b000000|  0%| F|  |TAMS 0x000000077ae00000, 0x000000077ae00000| Untracked 
| 984|0x000000077b000000, 0x000000077b000000, 0x000000077b200000|  0%| F|  |TAMS 0x000000077b000000, 0x000000077b000000| Untracked 
| 985|0x000000077b200000, 0x000000077b200000, 0x000000077b400000|  0%| F|  |TAMS 0x000000077b200000, 0x000000077b200000| Untracked 
| 986|0x000000077b400000, 0x000000077b400000, 0x000000077b600000|  0%| F|  |TAMS 0x000000077b400000, 0x000000077b400000| Untracked 
| 987|0x000000077b600000, 0x000000077b600000, 0x000000077b800000|  0%| F|  |TAMS 0x000000077b600000, 0x000000077b600000| Untracked 
| 988|0x000000077b800000, 0x000000077b800000, 0x000000077ba00000|  0%| F|  |TAMS 0x000000077b800000, 0x000000077b800000| Untracked 
| 989|0x000000077ba00000, 0x000000077ba00000, 0x000000077bc00000|  0%| F|  |TAMS 0x000000077ba00000, 0x000000077ba00000| Untracked 
| 990|0x000000077bc00000, 0x000000077bc00000, 0x000000077be00000|  0%| F|  |TAMS 0x000000077bc00000, 0x000000077bc00000| Untracked 
| 991|0x000000077be00000, 0x000000077be00000, 0x000000077c000000|  0%| F|  |TAMS 0x000000077be00000, 0x000000077be00000| Untracked 
| 992|0x000000077c000000, 0x000000077c000000, 0x000000077c200000|  0%| F|  |TAMS 0x000000077c000000, 0x000000077c000000| Untracked 
| 993|0x000000077c200000, 0x000000077c200000, 0x000000077c400000|  0%| F|  |TAMS 0x000000077c200000, 0x000000077c200000| Untracked 
| 994|0x000000077c400000, 0x000000077c400000, 0x000000077c600000|  0%| F|  |TAMS 0x000000077c400000, 0x000000077c400000| Untracked 
| 995|0x000000077c600000, 0x000000077c600000, 0x000000077c800000|  0%| F|  |TAMS 0x000000077c600000, 0x000000077c600000| Untracked 
| 996|0x000000077c800000, 0x000000077c800000, 0x000000077ca00000|  0%| F|  |TAMS 0x000000077c800000, 0x000000077c800000| Untracked 
| 997|0x000000077ca00000, 0x000000077ca00000, 0x000000077cc00000|  0%| F|  |TAMS 0x000000077ca00000, 0x000000077ca00000| Untracked 
| 998|0x000000077cc00000, 0x000000077cc00000, 0x000000077ce00000|  0%| F|  |TAMS 0x000000077cc00000, 0x000000077cc00000| Untracked 
| 999|0x000000077ce00000, 0x000000077ce00000, 0x000000077d000000|  0%| F|  |TAMS 0x000000077ce00000, 0x000000077ce00000| Untracked 
|1000|0x000000077d000000, 0x000000077d000000, 0x000000077d200000|  0%| F|  |TAMS 0x000000077d000000, 0x000000077d000000| Untracked 
|1001|0x000000077d200000, 0x000000077d200000, 0x000000077d400000|  0%| F|  |TAMS 0x000000077d200000, 0x000000077d200000| Untracked 
|1002|0x000000077d400000, 0x000000077d400000, 0x000000077d600000|  0%| F|  |TAMS 0x000000077d400000, 0x000000077d400000| Untracked 
|1003|0x000000077d600000, 0x000000077d600000, 0x000000077d800000|  0%| F|  |TAMS 0x000000077d600000, 0x000000077d600000| Untracked 
|1004|0x000000077d800000, 0x000000077d800000, 0x000000077da00000|  0%| F|  |TAMS 0x000000077d800000, 0x000000077d800000| Untracked 
|1005|0x000000077da00000, 0x000000077da00000, 0x000000077dc00000|  0%| F|  |TAMS 0x000000077da00000, 0x000000077da00000| Untracked 
|1006|0x000000077dc00000, 0x000000077dc00000, 0x000000077de00000|  0%| F|  |TAMS 0x000000077dc00000, 0x000000077dc00000| Untracked 
|1007|0x000000077de00000, 0x000000077de00000, 0x000000077e000000|  0%| F|  |TAMS 0x000000077de00000, 0x000000077de00000| Untracked 
|1008|0x000000077e000000, 0x000000077e000000, 0x000000077e200000|  0%| F|  |TAMS 0x000000077e000000, 0x000000077e000000| Untracked 
|1009|0x000000077e200000, 0x000000077e200000, 0x000000077e400000|  0%| F|  |TAMS 0x000000077e200000, 0x000000077e200000| Untracked 
|1010|0x000000077e400000, 0x000000077e400000, 0x000000077e600000|  0%| F|  |TAMS 0x000000077e400000, 0x000000077e400000| Untracked 
|1011|0x000000077e600000, 0x000000077e600000, 0x000000077e800000|  0%| F|  |TAMS 0x000000077e600000, 0x000000077e600000| Untracked 
|1012|0x000000077e800000, 0x000000077e800000, 0x000000077ea00000|  0%| F|  |TAMS 0x000000077e800000, 0x000000077e800000| Untracked 
|1013|0x000000077ea00000, 0x000000077ea00000, 0x000000077ec00000|  0%| F|  |TAMS 0x000000077ea00000, 0x000000077ea00000| Untracked 
|1014|0x000000077ec00000, 0x000000077ec00000, 0x000000077ee00000|  0%| F|  |TAMS 0x000000077ec00000, 0x000000077ec00000| Untracked 
|1015|0x000000077ee00000, 0x000000077ee00000, 0x000000077f000000|  0%| F|  |TAMS 0x000000077ee00000, 0x000000077ee00000| Untracked 
|1016|0x000000077f000000, 0x000000077f000000, 0x000000077f200000|  0%| F|  |TAMS 0x000000077f000000, 0x000000077f000000| Untracked 
|1017|0x000000077f200000, 0x000000077f200000, 0x000000077f400000|  0%| F|  |TAMS 0x000000077f200000, 0x000000077f200000| Untracked 
|1018|0x000000077f400000, 0x000000077f400000, 0x000000077f600000|  0%| F|  |TAMS 0x000000077f400000, 0x000000077f400000| Untracked 
|1019|0x000000077f600000, 0x000000077f600000, 0x000000077f800000|  0%| F|  |TAMS 0x000000077f600000, 0x000000077f600000| Untracked 
|1020|0x000000077f800000, 0x000000077f800000, 0x000000077fa00000|  0%| F|  |TAMS 0x000000077f800000, 0x000000077f800000| Untracked 
|1021|0x000000077fa00000, 0x000000077fa00000, 0x000000077fc00000|  0%| F|  |TAMS 0x000000077fa00000, 0x000000077fa00000| Untracked 
|1022|0x000000077fc00000, 0x000000077fc00000, 0x000000077fe00000|  0%| F|  |TAMS 0x000000077fc00000, 0x000000077fc00000| Untracked 
|1023|0x000000077fe00000, 0x000000077fe00000, 0x0000000780000000|  0%| F|  |TAMS 0x000000077fe00000, 0x000000077fe00000| Untracked 
|1024|0x0000000780000000, 0x0000000780000000, 0x0000000780200000|  0%| F|  |TAMS 0x0000000780000000, 0x0000000780000000| Untracked 
|1025|0x0000000780200000, 0x0000000780200000, 0x0000000780400000|  0%| F|  |TAMS 0x0000000780200000, 0x0000000780200000| Untracked 
|1026|0x0000000780400000, 0x0000000780400000, 0x0000000780600000|  0%| F|  |TAMS 0x0000000780400000, 0x0000000780400000| Untracked 
|1027|0x0000000780600000, 0x0000000780600000, 0x0000000780800000|  0%| F|  |TAMS 0x0000000780600000, 0x0000000780600000| Untracked 
|1028|0x0000000780800000, 0x0000000780800000, 0x0000000780a00000|  0%| F|  |TAMS 0x0000000780800000, 0x0000000780800000| Untracked 
|1029|0x0000000780a00000, 0x0000000780a00000, 0x0000000780c00000|  0%| F|  |TAMS 0x0000000780a00000, 0x0000000780a00000| Untracked 
|1030|0x0000000780c00000, 0x0000000780c00000, 0x0000000780e00000|  0%| F|  |TAMS 0x0000000780c00000, 0x0000000780c00000| Untracked 
|1031|0x0000000780e00000, 0x0000000780e00000, 0x0000000781000000|  0%| F|  |TAMS 0x0000000780e00000, 0x0000000780e00000| Untracked 
|1032|0x0000000781000000, 0x0000000781000000, 0x0000000781200000|  0%| F|  |TAMS 0x0000000781000000, 0x0000000781000000| Untracked 
|1033|0x0000000781200000, 0x0000000781200000, 0x0000000781400000|  0%| F|  |TAMS 0x0000000781200000, 0x0000000781200000| Untracked 
|1034|0x0000000781400000, 0x0000000781400000, 0x0000000781600000|  0%| F|  |TAMS 0x0000000781400000, 0x0000000781400000| Untracked 
|1035|0x0000000781600000, 0x0000000781600000, 0x0000000781800000|  0%| F|  |TAMS 0x0000000781600000, 0x0000000781600000| Untracked 
|1036|0x0000000781800000, 0x0000000781800000, 0x0000000781a00000|  0%| F|  |TAMS 0x0000000781800000, 0x0000000781800000| Untracked 
|1037|0x0000000781a00000, 0x0000000781a00000, 0x0000000781c00000|  0%| F|  |TAMS 0x0000000781a00000, 0x0000000781a00000| Untracked 
|1038|0x0000000781c00000, 0x0000000781c00000, 0x0000000781e00000|  0%| F|  |TAMS 0x0000000781c00000, 0x0000000781c00000| Untracked 
|1039|0x0000000781e00000, 0x0000000781e00000, 0x0000000782000000|  0%| F|  |TAMS 0x0000000781e00000, 0x0000000781e00000| Untracked 
|1040|0x0000000782000000, 0x0000000782000000, 0x0000000782200000|  0%| F|  |TAMS 0x0000000782000000, 0x0000000782000000| Untracked 
|1041|0x0000000782200000, 0x0000000782200000, 0x0000000782400000|  0%| F|  |TAMS 0x0000000782200000, 0x0000000782200000| Untracked 
|1042|0x0000000782400000, 0x0000000782400000, 0x0000000782600000|  0%| F|  |TAMS 0x0000000782400000, 0x0000000782400000| Untracked 
|1043|0x0000000782600000, 0x0000000782600000, 0x0000000782800000|  0%| F|  |TAMS 0x0000000782600000, 0x0000000782600000| Untracked 
|1044|0x0000000782800000, 0x0000000782800000, 0x0000000782a00000|  0%| F|  |TAMS 0x0000000782800000, 0x0000000782800000| Untracked 
|1045|0x0000000782a00000, 0x0000000782a00000, 0x0000000782c00000|  0%| F|  |TAMS 0x0000000782a00000, 0x0000000782a00000| Untracked 
|1046|0x0000000782c00000, 0x0000000782c00000, 0x0000000782e00000|  0%| F|  |TAMS 0x0000000782c00000, 0x0000000782c00000| Untracked 
|1047|0x0000000782e00000, 0x0000000782e00000, 0x0000000783000000|  0%| F|  |TAMS 0x0000000782e00000, 0x0000000782e00000| Untracked 
|1048|0x0000000783000000, 0x0000000783000000, 0x0000000783200000|  0%| F|  |TAMS 0x0000000783000000, 0x0000000783000000| Untracked 
|1049|0x0000000783200000, 0x0000000783200000, 0x0000000783400000|  0%| F|  |TAMS 0x0000000783200000, 0x0000000783200000| Untracked 
|1050|0x0000000783400000, 0x0000000783400000, 0x0000000783600000|  0%| F|  |TAMS 0x0000000783400000, 0x0000000783400000| Untracked 
|1051|0x0000000783600000, 0x0000000783600000, 0x0000000783800000|  0%| F|  |TAMS 0x0000000783600000, 0x0000000783600000| Untracked 
|1052|0x0000000783800000, 0x0000000783800000, 0x0000000783a00000|  0%| F|  |TAMS 0x0000000783800000, 0x0000000783800000| Untracked 
|1053|0x0000000783a00000, 0x0000000783a00000, 0x0000000783c00000|  0%| F|  |TAMS 0x0000000783a00000, 0x0000000783a00000| Untracked 
|1054|0x0000000783c00000, 0x0000000783c00000, 0x0000000783e00000|  0%| F|  |TAMS 0x0000000783c00000, 0x0000000783c00000| Untracked 
|1055|0x0000000783e00000, 0x0000000783e00000, 0x0000000784000000|  0%| F|  |TAMS 0x0000000783e00000, 0x0000000783e00000| Untracked 
|1056|0x0000000784000000, 0x0000000784000000, 0x0000000784200000|  0%| F|  |TAMS 0x0000000784000000, 0x0000000784000000| Untracked 
|1057|0x0000000784200000, 0x0000000784200000, 0x0000000784400000|  0%| F|  |TAMS 0x0000000784200000, 0x0000000784200000| Untracked 
|1058|0x0000000784400000, 0x0000000784400000, 0x0000000784600000|  0%| F|  |TAMS 0x0000000784400000, 0x0000000784400000| Untracked 
|1059|0x0000000784600000, 0x0000000784600000, 0x0000000784800000|  0%| F|  |TAMS 0x0000000784600000, 0x0000000784600000| Untracked 
|1060|0x0000000784800000, 0x0000000784800000, 0x0000000784a00000|  0%| F|  |TAMS 0x0000000784800000, 0x0000000784800000| Untracked 
|1061|0x0000000784a00000, 0x0000000784a00000, 0x0000000784c00000|  0%| F|  |TAMS 0x0000000784a00000, 0x0000000784a00000| Untracked 
|1062|0x0000000784c00000, 0x0000000784c00000, 0x0000000784e00000|  0%| F|  |TAMS 0x0000000784c00000, 0x0000000784c00000| Untracked 
|1063|0x0000000784e00000, 0x0000000784e00000, 0x0000000785000000|  0%| F|  |TAMS 0x0000000784e00000, 0x0000000784e00000| Untracked 
|1064|0x0000000785000000, 0x0000000785000000, 0x0000000785200000|  0%| F|  |TAMS 0x0000000785000000, 0x0000000785000000| Untracked 
|1065|0x0000000785200000, 0x0000000785200000, 0x0000000785400000|  0%| F|  |TAMS 0x0000000785200000, 0x0000000785200000| Untracked 
|1066|0x0000000785400000, 0x0000000785400000, 0x0000000785600000|  0%| F|  |TAMS 0x0000000785400000, 0x0000000785400000| Untracked 
|1067|0x0000000785600000, 0x0000000785600000, 0x0000000785800000|  0%| F|  |TAMS 0x0000000785600000, 0x0000000785600000| Untracked 
|1068|0x0000000785800000, 0x0000000785800000, 0x0000000785a00000|  0%| F|  |TAMS 0x0000000785800000, 0x0000000785800000| Untracked 
|1069|0x0000000785a00000, 0x0000000785a00000, 0x0000000785c00000|  0%| F|  |TAMS 0x0000000785a00000, 0x0000000785a00000| Untracked 
|1070|0x0000000785c00000, 0x0000000785c00000, 0x0000000785e00000|  0%| F|  |TAMS 0x0000000785c00000, 0x0000000785c00000| Untracked 
|1071|0x0000000785e00000, 0x0000000785e00000, 0x0000000786000000|  0%| F|  |TAMS 0x0000000785e00000, 0x0000000785e00000| Untracked 
|1072|0x0000000786000000, 0x0000000786000000, 0x0000000786200000|  0%| F|  |TAMS 0x0000000786000000, 0x0000000786000000| Untracked 
|1073|0x0000000786200000, 0x0000000786200000, 0x0000000786400000|  0%| F|  |TAMS 0x0000000786200000, 0x0000000786200000| Untracked 
|1074|0x0000000786400000, 0x0000000786400000, 0x0000000786600000|  0%| F|  |TAMS 0x0000000786400000, 0x0000000786400000| Untracked 
|1075|0x0000000786600000, 0x0000000786600000, 0x0000000786800000|  0%| F|  |TAMS 0x0000000786600000, 0x0000000786600000| Untracked 
|1076|0x0000000786800000, 0x0000000786800000, 0x0000000786a00000|  0%| F|  |TAMS 0x0000000786800000, 0x0000000786800000| Untracked 
|1077|0x0000000786a00000, 0x0000000786a00000, 0x0000000786c00000|  0%| F|  |TAMS 0x0000000786a00000, 0x0000000786a00000| Untracked 
|1078|0x0000000786c00000, 0x0000000786c00000, 0x0000000786e00000|  0%| F|  |TAMS 0x0000000786c00000, 0x0000000786c00000| Untracked 
|1079|0x0000000786e00000, 0x0000000786e00000, 0x0000000787000000|  0%| F|  |TAMS 0x0000000786e00000, 0x0000000786e00000| Untracked 
|1080|0x0000000787000000, 0x0000000787000000, 0x0000000787200000|  0%| F|  |TAMS 0x0000000787000000, 0x0000000787000000| Untracked 
|1081|0x0000000787200000, 0x0000000787200000, 0x0000000787400000|  0%| F|  |TAMS 0x0000000787200000, 0x0000000787200000| Untracked 
|1082|0x0000000787400000, 0x0000000787400000, 0x0000000787600000|  0%| F|  |TAMS 0x0000000787400000, 0x0000000787400000| Untracked 
|1083|0x0000000787600000, 0x0000000787600000, 0x0000000787800000|  0%| F|  |TAMS 0x0000000787600000, 0x0000000787600000| Untracked 
|1084|0x0000000787800000, 0x0000000787800000, 0x0000000787a00000|  0%| F|  |TAMS 0x0000000787800000, 0x0000000787800000| Untracked 
|1085|0x0000000787a00000, 0x0000000787a00000, 0x0000000787c00000|  0%| F|  |TAMS 0x0000000787a00000, 0x0000000787a00000| Untracked 
|1086|0x0000000787c00000, 0x0000000787c00000, 0x0000000787e00000|  0%| F|  |TAMS 0x0000000787c00000, 0x0000000787c00000| Untracked 
|1087|0x0000000787e00000, 0x0000000787e00000, 0x0000000788000000|  0%| F|  |TAMS 0x0000000787e00000, 0x0000000787e00000| Untracked 
|1088|0x0000000788000000, 0x0000000788000000, 0x0000000788200000|  0%| F|  |TAMS 0x0000000788000000, 0x0000000788000000| Untracked 
|1089|0x0000000788200000, 0x0000000788200000, 0x0000000788400000|  0%| F|  |TAMS 0x0000000788200000, 0x0000000788200000| Untracked 
|1090|0x0000000788400000, 0x0000000788400000, 0x0000000788600000|  0%| F|  |TAMS 0x0000000788400000, 0x0000000788400000| Untracked 
|1091|0x0000000788600000, 0x0000000788600000, 0x0000000788800000|  0%| F|  |TAMS 0x0000000788600000, 0x0000000788600000| Untracked 
|1092|0x0000000788800000, 0x0000000788800000, 0x0000000788a00000|  0%| F|  |TAMS 0x0000000788800000, 0x0000000788800000| Untracked 
|1093|0x0000000788a00000, 0x0000000788a00000, 0x0000000788c00000|  0%| F|  |TAMS 0x0000000788a00000, 0x0000000788a00000| Untracked 
|1094|0x0000000788c00000, 0x0000000788c00000, 0x0000000788e00000|  0%| F|  |TAMS 0x0000000788c00000, 0x0000000788c00000| Untracked 
|1095|0x0000000788e00000, 0x0000000788e00000, 0x0000000789000000|  0%| F|  |TAMS 0x0000000788e00000, 0x0000000788e00000| Untracked 
|1096|0x0000000789000000, 0x0000000789000000, 0x0000000789200000|  0%| F|  |TAMS 0x0000000789000000, 0x0000000789000000| Untracked 
|1097|0x0000000789200000, 0x0000000789200000, 0x0000000789400000|  0%| F|  |TAMS 0x0000000789200000, 0x0000000789200000| Untracked 
|1098|0x0000000789400000, 0x0000000789400000, 0x0000000789600000|  0%| F|  |TAMS 0x0000000789400000, 0x0000000789400000| Untracked 
|1099|0x0000000789600000, 0x0000000789600000, 0x0000000789800000|  0%| F|  |TAMS 0x0000000789600000, 0x0000000789600000| Untracked 
|1100|0x0000000789800000, 0x0000000789800000, 0x0000000789a00000|  0%| F|  |TAMS 0x0000000789800000, 0x0000000789800000| Untracked 
|1101|0x0000000789a00000, 0x0000000789a00000, 0x0000000789c00000|  0%| F|  |TAMS 0x0000000789a00000, 0x0000000789a00000| Untracked 
|1102|0x0000000789c00000, 0x0000000789c00000, 0x0000000789e00000|  0%| F|  |TAMS 0x0000000789c00000, 0x0000000789c00000| Untracked 
|1103|0x0000000789e00000, 0x0000000789e00000, 0x000000078a000000|  0%| F|  |TAMS 0x0000000789e00000, 0x0000000789e00000| Untracked 
|1104|0x000000078a000000, 0x000000078a000000, 0x000000078a200000|  0%| F|  |TAMS 0x000000078a000000, 0x000000078a000000| Untracked 
|1105|0x000000078a200000, 0x000000078a200000, 0x000000078a400000|  0%| F|  |TAMS 0x000000078a200000, 0x000000078a200000| Untracked 
|1106|0x000000078a400000, 0x000000078a400000, 0x000000078a600000|  0%| F|  |TAMS 0x000000078a400000, 0x000000078a400000| Untracked 
|1107|0x000000078a600000, 0x000000078a600000, 0x000000078a800000|  0%| F|  |TAMS 0x000000078a600000, 0x000000078a600000| Untracked 
|1108|0x000000078a800000, 0x000000078a800000, 0x000000078aa00000|  0%| F|  |TAMS 0x000000078a800000, 0x000000078a800000| Untracked 
|1109|0x000000078aa00000, 0x000000078aa00000, 0x000000078ac00000|  0%| F|  |TAMS 0x000000078aa00000, 0x000000078aa00000| Untracked 
|1110|0x000000078ac00000, 0x000000078ac00000, 0x000000078ae00000|  0%| F|  |TAMS 0x000000078ac00000, 0x000000078ac00000| Untracked 
|1111|0x000000078ae00000, 0x000000078ae00000, 0x000000078b000000|  0%| F|  |TAMS 0x000000078ae00000, 0x000000078ae00000| Untracked 
|1112|0x000000078b000000, 0x000000078b000000, 0x000000078b200000|  0%| F|  |TAMS 0x000000078b000000, 0x000000078b000000| Untracked 
|1113|0x000000078b200000, 0x000000078b200000, 0x000000078b400000|  0%| F|  |TAMS 0x000000078b200000, 0x000000078b200000| Untracked 
|1114|0x000000078b400000, 0x000000078b400000, 0x000000078b600000|  0%| F|  |TAMS 0x000000078b400000, 0x000000078b400000| Untracked 
|1115|0x000000078b600000, 0x000000078b600000, 0x000000078b800000|  0%| F|  |TAMS 0x000000078b600000, 0x000000078b600000| Untracked 
|1116|0x000000078b800000, 0x000000078b800000, 0x000000078ba00000|  0%| F|  |TAMS 0x000000078b800000, 0x000000078b800000| Untracked 
|1117|0x000000078ba00000, 0x000000078ba00000, 0x000000078bc00000|  0%| F|  |TAMS 0x000000078ba00000, 0x000000078ba00000| Untracked 
|1118|0x000000078bc00000, 0x000000078bc00000, 0x000000078be00000|  0%| F|  |TAMS 0x000000078bc00000, 0x000000078bc00000| Untracked 
|1119|0x000000078be00000, 0x000000078be00000, 0x000000078c000000|  0%| F|  |TAMS 0x000000078be00000, 0x000000078be00000| Untracked 
|1120|0x000000078c000000, 0x000000078c000000, 0x000000078c200000|  0%| F|  |TAMS 0x000000078c000000, 0x000000078c000000| Untracked 
|1121|0x000000078c200000, 0x000000078c200000, 0x000000078c400000|  0%| F|  |TAMS 0x000000078c200000, 0x000000078c200000| Untracked 
|1122|0x000000078c400000, 0x000000078c400000, 0x000000078c600000|  0%| F|  |TAMS 0x000000078c400000, 0x000000078c400000| Untracked 
|1123|0x000000078c600000, 0x000000078c600000, 0x000000078c800000|  0%| F|  |TAMS 0x000000078c600000, 0x000000078c600000| Untracked 
|1124|0x000000078c800000, 0x000000078c800000, 0x000000078ca00000|  0%| F|  |TAMS 0x000000078c800000, 0x000000078c800000| Untracked 
|1125|0x000000078ca00000, 0x000000078ca00000, 0x000000078cc00000|  0%| F|  |TAMS 0x000000078ca00000, 0x000000078ca00000| Untracked 
|1126|0x000000078cc00000, 0x000000078cc00000, 0x000000078ce00000|  0%| F|  |TAMS 0x000000078cc00000, 0x000000078cc00000| Untracked 
|1127|0x000000078ce00000, 0x000000078ce00000, 0x000000078d000000|  0%| F|  |TAMS 0x000000078ce00000, 0x000000078ce00000| Untracked 
|1128|0x000000078d000000, 0x000000078d000000, 0x000000078d200000|  0%| F|  |TAMS 0x000000078d000000, 0x000000078d000000| Untracked 
|1129|0x000000078d200000, 0x000000078d200000, 0x000000078d400000|  0%| F|  |TAMS 0x000000078d200000, 0x000000078d200000| Untracked 
|1130|0x000000078d400000, 0x000000078d400000, 0x000000078d600000|  0%| F|  |TAMS 0x000000078d400000, 0x000000078d400000| Untracked 
|1131|0x000000078d600000, 0x000000078d600000, 0x000000078d800000|  0%| F|  |TAMS 0x000000078d600000, 0x000000078d600000| Untracked 
|1132|0x000000078d800000, 0x000000078d800000, 0x000000078da00000|  0%| F|  |TAMS 0x000000078d800000, 0x000000078d800000| Untracked 
|1133|0x000000078da00000, 0x000000078da00000, 0x000000078dc00000|  0%| F|  |TAMS 0x000000078da00000, 0x000000078da00000| Untracked 
|1134|0x000000078dc00000, 0x000000078dc00000, 0x000000078de00000|  0%| F|  |TAMS 0x000000078dc00000, 0x000000078dc00000| Untracked 
|1135|0x000000078de00000, 0x000000078de00000, 0x000000078e000000|  0%| F|  |TAMS 0x000000078de00000, 0x000000078de00000| Untracked 
|1136|0x000000078e000000, 0x000000078e000000, 0x000000078e200000|  0%| F|  |TAMS 0x000000078e000000, 0x000000078e000000| Untracked 
|1137|0x000000078e200000, 0x000000078e200000, 0x000000078e400000|  0%| F|  |TAMS 0x000000078e200000, 0x000000078e200000| Untracked 
|1138|0x000000078e400000, 0x000000078e400000, 0x000000078e600000|  0%| F|  |TAMS 0x000000078e400000, 0x000000078e400000| Untracked 
|1139|0x000000078e600000, 0x000000078e600000, 0x000000078e800000|  0%| F|  |TAMS 0x000000078e600000, 0x000000078e600000| Untracked 
|1140|0x000000078e800000, 0x000000078e800000, 0x000000078ea00000|  0%| F|  |TAMS 0x000000078e800000, 0x000000078e800000| Untracked 
|1141|0x000000078ea00000, 0x000000078ea00000, 0x000000078ec00000|  0%| F|  |TAMS 0x000000078ea00000, 0x000000078ea00000| Untracked 
|1142|0x000000078ec00000, 0x000000078ec00000, 0x000000078ee00000|  0%| F|  |TAMS 0x000000078ec00000, 0x000000078ec00000| Untracked 
|1143|0x000000078ee00000, 0x000000078ee00000, 0x000000078f000000|  0%| F|  |TAMS 0x000000078ee00000, 0x000000078ee00000| Untracked 
|1144|0x000000078f000000, 0x000000078f000000, 0x000000078f200000|  0%| F|  |TAMS 0x000000078f000000, 0x000000078f000000| Untracked 
|1145|0x000000078f200000, 0x000000078f200000, 0x000000078f400000|  0%| F|  |TAMS 0x000000078f200000, 0x000000078f200000| Untracked 
|1146|0x000000078f400000, 0x000000078f400000, 0x000000078f600000|  0%| F|  |TAMS 0x000000078f400000, 0x000000078f400000| Untracked 
|1147|0x000000078f600000, 0x000000078f600000, 0x000000078f800000|  0%| F|  |TAMS 0x000000078f600000, 0x000000078f600000| Untracked 
|1148|0x000000078f800000, 0x000000078f800000, 0x000000078fa00000|  0%| F|  |TAMS 0x000000078f800000, 0x000000078f800000| Untracked 
|1149|0x000000078fa00000, 0x000000078fa00000, 0x000000078fc00000|  0%| F|  |TAMS 0x000000078fa00000, 0x000000078fa00000| Untracked 
|1150|0x000000078fc00000, 0x000000078fc00000, 0x000000078fe00000|  0%| F|  |TAMS 0x000000078fc00000, 0x000000078fc00000| Untracked 
|1151|0x000000078fe00000, 0x000000078fe00000, 0x0000000790000000|  0%| F|  |TAMS 0x000000078fe00000, 0x000000078fe00000| Untracked 
|1152|0x0000000790000000, 0x0000000790000000, 0x0000000790200000|  0%| F|  |TAMS 0x0000000790000000, 0x0000000790000000| Untracked 
|1153|0x0000000790200000, 0x0000000790200000, 0x0000000790400000|  0%| F|  |TAMS 0x0000000790200000, 0x0000000790200000| Untracked 
|1154|0x0000000790400000, 0x0000000790400000, 0x0000000790600000|  0%| F|  |TAMS 0x0000000790400000, 0x0000000790400000| Untracked 
|1155|0x0000000790600000, 0x0000000790600000, 0x0000000790800000|  0%| F|  |TAMS 0x0000000790600000, 0x0000000790600000| Untracked 
|1156|0x0000000790800000, 0x0000000790800000, 0x0000000790a00000|  0%| F|  |TAMS 0x0000000790800000, 0x0000000790800000| Untracked 
|1157|0x0000000790a00000, 0x0000000790a00000, 0x0000000790c00000|  0%| F|  |TAMS 0x0000000790a00000, 0x0000000790a00000| Untracked 
|1158|0x0000000790c00000, 0x0000000790c00000, 0x0000000790e00000|  0%| F|  |TAMS 0x0000000790c00000, 0x0000000790c00000| Untracked 
|1159|0x0000000790e00000, 0x0000000790e00000, 0x0000000791000000|  0%| F|  |TAMS 0x0000000790e00000, 0x0000000790e00000| Untracked 
|1160|0x0000000791000000, 0x0000000791000000, 0x0000000791200000|  0%| F|  |TAMS 0x0000000791000000, 0x0000000791000000| Untracked 
|1161|0x0000000791200000, 0x0000000791200000, 0x0000000791400000|  0%| F|  |TAMS 0x0000000791200000, 0x0000000791200000| Untracked 
|1162|0x0000000791400000, 0x0000000791400000, 0x0000000791600000|  0%| F|  |TAMS 0x0000000791400000, 0x0000000791400000| Untracked 
|1163|0x0000000791600000, 0x0000000791600000, 0x0000000791800000|  0%| F|  |TAMS 0x0000000791600000, 0x0000000791600000| Untracked 
|1164|0x0000000791800000, 0x0000000791800000, 0x0000000791a00000|  0%| F|  |TAMS 0x0000000791800000, 0x0000000791800000| Untracked 
|1165|0x0000000791a00000, 0x0000000791a00000, 0x0000000791c00000|  0%| F|  |TAMS 0x0000000791a00000, 0x0000000791a00000| Untracked 
|1166|0x0000000791c00000, 0x0000000791c00000, 0x0000000791e00000|  0%| F|  |TAMS 0x0000000791c00000, 0x0000000791c00000| Untracked 
|1167|0x0000000791e00000, 0x0000000791e00000, 0x0000000792000000|  0%| F|  |TAMS 0x0000000791e00000, 0x0000000791e00000| Untracked 
|1168|0x0000000792000000, 0x0000000792000000, 0x0000000792200000|  0%| F|  |TAMS 0x0000000792000000, 0x0000000792000000| Untracked 
|1169|0x0000000792200000, 0x0000000792200000, 0x0000000792400000|  0%| F|  |TAMS 0x0000000792200000, 0x0000000792200000| Untracked 
|1170|0x0000000792400000, 0x0000000792400000, 0x0000000792600000|  0%| F|  |TAMS 0x0000000792400000, 0x0000000792400000| Untracked 
|1429|0x00000007b2a00000, 0x00000007b2a00000, 0x00000007b2c00000|  0%| F|  |TAMS 0x00000007b2a00000, 0x00000007b2a00000| Untracked 
|1430|0x00000007b2c00000, 0x00000007b2c00000, 0x00000007b2e00000|  0%| F|  |TAMS 0x00000007b2c00000, 0x00000007b2c00000| Untracked 
|1827|0x00000007e4600000, 0x00000007e4600000, 0x00000007e4800000|  0%| F|  |TAMS 0x00000007e4600000, 0x00000007e4600000| Untracked 
|1828|0x00000007e4800000, 0x00000007e4800000, 0x00000007e4a00000|  0%| F|  |TAMS 0x00000007e4800000, 0x00000007e4800000| Untracked 
|1829|0x00000007e4a00000, 0x00000007e4a00000, 0x00000007e4c00000|  0%| F|  |TAMS 0x00000007e4a00000, 0x00000007e4a00000| Untracked 
|1830|0x00000007e4c00000, 0x00000007e4c00000, 0x00000007e4e00000|  0%| F|  |TAMS 0x00000007e4c00000, 0x00000007e4c00000| Untracked 
|1831|0x00000007e4e00000, 0x00000007e4e00000, 0x00000007e5000000|  0%| F|  |TAMS 0x00000007e4e00000, 0x00000007e4e00000| Untracked 
|1832|0x00000007e5000000, 0x00000007e5000000, 0x00000007e5200000|  0%| F|  |TAMS 0x00000007e5000000, 0x00000007e5000000| Untracked 
|1833|0x00000007e5200000, 0x00000007e5200000, 0x00000007e5400000|  0%| F|  |TAMS 0x00000007e5200000, 0x00000007e5200000| Untracked 
|1834|0x00000007e5400000, 0x00000007e5400000, 0x00000007e5600000|  0%| F|  |TAMS 0x00000007e5400000, 0x00000007e5400000| Untracked 
|1835|0x00000007e5600000, 0x00000007e5600000, 0x00000007e5800000|  0%| F|  |TAMS 0x00000007e5600000, 0x00000007e5600000| Untracked 
|1836|0x00000007e5800000, 0x00000007e5800000, 0x00000007e5a00000|  0%| F|  |TAMS 0x00000007e5800000, 0x00000007e5800000| Untracked 
|1837|0x00000007e5a00000, 0x00000007e5a00000, 0x00000007e5c00000|  0%| F|  |TAMS 0x00000007e5a00000, 0x00000007e5a00000| Untracked 
|1838|0x00000007e5c00000, 0x00000007e5c00000, 0x00000007e5e00000|  0%| F|  |TAMS 0x00000007e5c00000, 0x00000007e5c00000| Untracked 
|1868|0x00000007e9800000, 0x00000007e9800000, 0x00000007e9a00000|  0%| F|  |TAMS 0x00000007e9800000, 0x00000007e9800000| Untracked 
|1869|0x00000007e9a00000, 0x00000007e9a00000, 0x00000007e9c00000|  0%| F|  |TAMS 0x00000007e9a00000, 0x00000007e9a00000| Untracked 
|1870|0x00000007e9c00000, 0x00000007e9c00000, 0x00000007e9e00000|  0%| F|  |TAMS 0x00000007e9c00000, 0x00000007e9c00000| Untracked 
|1871|0x00000007e9e00000, 0x00000007e9e00000, 0x00000007ea000000|  0%| F|  |TAMS 0x00000007e9e00000, 0x00000007e9e00000| Untracked 
|1872|0x00000007ea000000, 0x00000007ea000000, 0x00000007ea200000|  0%| F|  |TAMS 0x00000007ea000000, 0x00000007ea000000| Untracked 

Card table byte_map: [0x000001f9eaf80000,0x000001f9eb780000] _byte_map_base: 0x000001f9e7780000

Marking Bits (Prev, Next): (CMBitMap*) 0x000001f9d1982790, (CMBitMap*) 0x000001f9d19827d0
 Prev Bits: [0x000001f9ebf80000, 0x000001f9eff80000)
 Next Bits: [0x000001f9eff80000, 0x000001f9f3f80000)

Polling page: 0x000001f9d15d0000

Metaspace:

Usage:
  Non-class:    444.73 MB used.
      Class:     59.99 MB used.
       Both:    504.72 MB used.

Virtual space:
  Non-class space:      640.00 MB reserved,     456.75 MB ( 71%) committed,  10 nodes.
      Class space:      832.00 MB reserved,      65.19 MB (  8%) committed,  1 nodes.
             Both:        1.44 GB reserved,     521.94 MB ( 35%) committed. 

Chunk freelists:
   Non-Class:  160.24 MB
       Class:  33.69 MB
        Both:  193.93 MB

MaxMetaspaceSize: 1.00 GB
CompressedClassSpaceSize: 832.00 MB
Initial GC threshold: 21.00 MB
Current GC threshold: 869.69 MB
CDS: on
MetaspaceReclaimPolicy: balanced
 - commit_granule_bytes: 65536.
 - commit_granule_words: 8192.
 - virtual_space_node_default_size: 8388608.
 - enlarge_chunks_in_place: 1.
 - new_chunks_are_fully_committed: 0.
 - uncommit_free_chunks: 1.
 - use_allocation_guard: 0.
 - handle_deallocations: 1.


Internal statistics:

num_allocs_failed_limit: 21.
num_arena_births: 9988.
num_arena_deaths: 1192.
num_vsnodes_births: 11.
num_vsnodes_deaths: 0.
num_space_committed: 12120.
num_space_uncommitted: 3785.
num_chunks_returned_to_freelist: 15949.
num_chunks_taken_from_freelist: 48496.
num_chunk_merges: 5501.
num_chunk_splits: 30812.
num_chunks_enlarged: 19735.
num_inconsistent_stats: 0.

CodeHeap 'non-profiled nmethods': size=119168Kb used=116214Kb max_used=119167Kb free=2953Kb
 bounds [0x000001f9e2360000, 0x000001f9e97c0000, 0x000001f9e97c0000]
CodeHeap 'profiled nmethods': size=119104Kb used=110609Kb max_used=119094Kb free=8494Kb
 bounds [0x000001f9da7c0000, 0x000001f9e1c10000, 0x000001f9e1c10000]
CodeHeap 'non-nmethods': size=7488Kb used=2361Kb max_used=4163Kb free=5126Kb
 bounds [0x000001f9e1c10000, 0x000001f9e2030000, 0x000001f9e2360000]
 total_blobs=68857 nmethods=67311 adapters=1454
 compilation: enabled
              stopped_count=40, restarted_count=40
 full_count=40

Compilation events (20 events):
Event: 5770.777 Thread 0x000001f9ff48e280 nmethod 95233 0x000001f9e3350d90 code [0x000001f9e3350fa0, 0x000001f9e33516f8]
Event: 5770.777 Thread 0x000001f9ff48e280 95307       4       com.android.tools.r8.internal.a03::a (51 bytes)
Event: 5770.780 Thread 0x000001f9ff48e280 nmethod 95307 0x000001f9e863c290 code [0x000001f9e863c440, 0x000001f9e863c698]
Event: 5770.780 Thread 0x000001f9ff48e280 95236       4       java.io.ObjectInputStream$PeekInputStream::read (47 bytes)
Event: 5770.780 Thread 0x000001f9ff48e280 nmethod 95236 0x000001f9e6a96690 code [0x000001f9e6a96800, 0x000001f9e6a968d8]
Event: 5770.781 Thread 0x000001f9ff48e280 95283       4       com.android.tools.r8.kotlin.q::a (348 bytes)
Event: 5770.793 Thread 0x000001f9ff48f270 nmethod 95360 0x000001f9e969dc90 code [0x000001f9e969dec0, 0x000001f9e969e5f8]
Event: 5770.793 Thread 0x000001f9ff48f270 95203       4       java.util.Spliterators$IteratorSpliterator::tryAdvance (77 bytes)
Event: 5770.797 Thread 0x000001f9ff48d290 nmethod 95342 0x000001f9e6d01590 code [0x000001f9e6d019a0, 0x000001f9e6d065d0]
Event: 5770.797 Thread 0x000001f9ff48d290 95362       4       com.android.tools.r8.graph.k1::equals (58 bytes)
Event: 5770.799 Thread 0x000001f9ff48d290 nmethod 95362 0x000001f9e6aed090 code [0x000001f9e6aed220, 0x000001f9e6aed318]
Event: 5770.799 Thread 0x000001f9ff48f270 nmethod 95203 0x000001f9e8fb4610 code [0x000001f9e8fb47c0, 0x000001f9e8fb4b38]
Event: 5770.799 Thread 0x000001f9ff48f270 95313       4       com.android.tools.r8.internal.a03$c$$Lambda$8218/0x000001f983848000::a (5 bytes)
Event: 5770.799 Thread 0x000001f9ff48d290 95315       4       java.lang.invoke.MethodType::equals (56 bytes)
Event: 5770.802 Thread 0x000001f9ff48f270 nmethod 95313 0x000001f9e6aec610 code [0x000001f9e6aec7e0, 0x000001f9e6aeca58]
Event: 5770.802 Thread 0x000001f9ff48f270 95364       4       com.android.tools.r8.ir.optimize.f0::a (556 bytes)
Event: 5770.805 Thread 0x000001f9ff48d290 nmethod 95315 0x000001f9e2aa2c90 code [0x000001f9e2aa2e20, 0x000001f9e2aa31b8]
Event: 5770.806 Thread 0x000001f9ff48d290 95316       4       java.lang.invoke.MethodType::equals (31 bytes)
Event: 5770.808 Thread 0x000001f9ff48d290 nmethod 95316 0x000001f9e54b2c10 code [0x000001f9e54b2da0, 0x000001f9e54b2f18]
Event: 5770.809 Thread 0x000001f9ff48d290 95266       4       org.gradle.execution.plan.MissingTaskDependencyDetector$$Lambda$4020/0x000001f98260ab10::accept (16 bytes)

GC Heap History (20 events):
Event: 2922.704 GC heap after
{Heap after GC invocations=326 (full 0):
 garbage-first heap   total 2263040K, used 828730K [0x0000000700000000, 0x0000000800000000)
  region size 2048K, 26 young (53248K), 26 survivors (53248K)
 Metaspace       used 515353K, committed 534336K, reserved 1507328K
  class space    used 61244K, committed 66752K, reserved 851968K
}
Event: 2922.840 GC heap before
{Heap before GC invocations=326 (full 0):
 garbage-first heap   total 2263040K, used 1684794K [0x0000000700000000, 0x0000000800000000)
  region size 2048K, 445 young (911360K), 26 survivors (53248K)
 Metaspace       used 515354K, committed 534336K, reserved 1507328K
  class space    used 61244K, committed 66752K, reserved 851968K
}
Event: 2922.869 GC heap after
{Heap after GC invocations=327 (full 0):
 garbage-first heap   total 2263040K, used 879616K [0x0000000700000000, 0x0000000800000000)
  region size 2048K, 50 young (102400K), 50 survivors (102400K)
 Metaspace       used 515354K, committed 534336K, reserved 1507328K
  class space    used 61244K, committed 66752K, reserved 851968K
}
Event: 2923.907 GC heap before
{Heap before GC invocations=328 (full 0):
 garbage-first heap   total 2437120K, used 1717248K [0x0000000700000000, 0x0000000800000000)
  region size 2048K, 463 young (948224K), 50 survivors (102400K)
 Metaspace       used 515395K, committed 534336K, reserved 1507328K
  class space    used 61244K, committed 66752K, reserved 851968K
}
Event: 2923.947 GC heap after
{Heap after GC invocations=329 (full 0):
 garbage-first heap   total 2437120K, used 934894K [0x0000000700000000, 0x0000000800000000)
  region size 2048K, 58 young (118784K), 58 survivors (118784K)
 Metaspace       used 515395K, committed 534336K, reserved 1507328K
  class space    used 61244K, committed 66752K, reserved 851968K
}
Event: 2923.961 GC heap before
{Heap before GC invocations=329 (full 0):
 garbage-first heap   total 2437120K, used 941038K [0x0000000700000000, 0x0000000800000000)
  region size 2048K, 61 young (124928K), 58 survivors (118784K)
 Metaspace       used 515395K, committed 534336K, reserved 1507328K
  class space    used 61244K, committed 66752K, reserved 851968K
}
Event: 2923.994 GC heap after
{Heap after GC invocations=330 (full 0):
 garbage-first heap   total 2437120K, used 913526K [0x0000000700000000, 0x0000000800000000)
  region size 2048K, 4 young (8192K), 4 survivors (8192K)
 Metaspace       used 515395K, committed 534336K, reserved 1507328K
  class space    used 61244K, committed 66752K, reserved 851968K
}
Event: 2925.740 GC heap before
{Heap before GC invocations=330 (full 0):
 garbage-first heap   total 2437120K, used 1898614K [0x0000000700000000, 0x0000000800000000)
  region size 2048K, 485 young (993280K), 4 survivors (8192K)
 Metaspace       used 515423K, committed 534336K, reserved 1507328K
  class space    used 61244K, committed 66752K, reserved 851968K
}
Event: 2925.759 GC heap after
{Heap after GC invocations=331 (full 0):
 garbage-first heap   total 2437120K, used 946087K [0x0000000700000000, 0x0000000800000000)
  region size 2048K, 20 young (40960K), 20 survivors (40960K)
 Metaspace       used 515423K, committed 534336K, reserved 1507328K
  class space    used 61244K, committed 66752K, reserved 851968K
}
Event: 2927.349 GC heap before
{Heap before GC invocations=332 (full 0):
 garbage-first heap   total 2437120K, used 1681319K [0x0000000700000000, 0x0000000800000000)
  region size 2048K, 503 young (1030144K), 20 survivors (40960K)
 Metaspace       used 515468K, committed 534336K, reserved 1507328K
  class space    used 61244K, committed 66752K, reserved 851968K
}
Event: 2927.359 GC heap after
{Heap after GC invocations=333 (full 0):
 garbage-first heap   total 2437120K, used 689747K [0x0000000700000000, 0x0000000800000000)
  region size 2048K, 19 young (38912K), 19 survivors (38912K)
 Metaspace       used 515468K, committed 534336K, reserved 1507328K
  class space    used 61244K, committed 66752K, reserved 851968K
}
Event: 2927.654 GC heap before
{Heap before GC invocations=333 (full 0):
 garbage-first heap   total 2437120K, used 796243K [0x0000000700000000, 0x0000000800000000)
  region size 2048K, 59 young (120832K), 19 survivors (38912K)
 Metaspace       used 515468K, committed 534336K, reserved 1507328K
  class space    used 61244K, committed 66752K, reserved 851968K
}
Event: 2927.668 GC heap after
{Heap after GC invocations=334 (full 0):
 garbage-first heap   total 2437120K, used 558235K [0x0000000700000000, 0x0000000800000000)
  region size 2048K, 8 young (16384K), 8 survivors (16384K)
 Metaspace       used 515468K, committed 534336K, reserved 1507328K
  class space    used 61244K, committed 66752K, reserved 851968K
}
Event: 2927.702 GC heap before
{Heap before GC invocations=334 (full 0):
 garbage-first heap   total 2437120K, used 570523K [0x0000000700000000, 0x0000000800000000)
  region size 2048K, 15 young (30720K), 8 survivors (16384K)
 Metaspace       used 515468K, committed 534336K, reserved 1507328K
  class space    used 61244K, committed 66752K, reserved 851968K
}
Event: 2927.707 GC heap after
{Heap after GC invocations=335 (full 0):
 garbage-first heap   total 2437120K, used 552670K [0x0000000700000000, 0x0000000800000000)
  region size 2048K, 12 young (24576K), 12 survivors (24576K)
 Metaspace       used 515468K, committed 534336K, reserved 1507328K
  class space    used 61244K, committed 66752K, reserved 851968K
}
Event: 5767.714 GC heap before
{Heap before GC invocations=336 (full 0):
 garbage-first heap   total 2437120K, used 1831491K [0x0000000700000000, 0x0000000800000000)
  region size 2048K, 538 young (1101824K), 12 survivors (24576K)
 Metaspace       used 516539K, committed 534336K, reserved 1507328K
  class space    used 61395K, committed 66752K, reserved 851968K
}
Event: 5767.769 GC heap after
{Heap after GC invocations=337 (full 0):
 garbage-first heap   total 2437120K, used 592482K [0x0000000700000000, 0x0000000800000000)
  region size 2048K, 37 young (75776K), 37 survivors (75776K)
 Metaspace       used 516539K, committed 534336K, reserved 1507328K
  class space    used 61395K, committed 66752K, reserved 851968K
}
Event: 5767.987 GC heap before
{Heap before GC invocations=337 (full 0):
 garbage-first heap   total 2437120K, used 635490K [0x0000000700000000, 0x0000000800000000)
  region size 2048K, 59 young (120832K), 37 survivors (75776K)
 Metaspace       used 516580K, committed 534400K, reserved 1507328K
  class space    used 61398K, committed 66752K, reserved 851968K
}
Event: 5768.037 GC heap after
{Heap after GC invocations=338 (full 0):
 garbage-first heap   total 2437120K, used 567298K [0x0000000700000000, 0x0000000800000000)
  region size 2048K, 6 young (12288K), 6 survivors (12288K)
 Metaspace       used 516580K, committed 534400K, reserved 1507328K
  class space    used 61398K, committed 66752K, reserved 851968K
}
Event: 5770.836 GC heap before
{Heap before GC invocations=338 (full 0):
 garbage-first heap   total 2437120K, used 1691650K [0x0000000700000000, 0x0000000800000000)
  region size 2048K, 556 young (1138688K), 6 survivors (12288K)
 Metaspace       used 516832K, committed 534464K, reserved 1507328K
  class space    used 61427K, committed 66752K, reserved 851968K
}

Deoptimization events (20 events):
Event: 5770.556 Thread 0x000001f9b6fcb880 Uncommon trap: trap_request=0xffffff45 fr.pc=0x000001f9e6c9a16c relative=0x0000000000001aec
Event: 5770.557 Thread 0x000001f9b6fcb880 Uncommon trap: reason=unstable_if action=reinterpret pc=0x000001f9e6c9a16c method=com.android.tools.r8.internal.m31.c()Z @ 10 c2
Event: 5770.557 Thread 0x000001f9b6fcb880 DEOPT PACKING pc=0x000001f9e6c9a16c sp=0x000000af609fa1b0
Event: 5770.557 Thread 0x000001f9b6fcb880 DEOPT UNPACKING pc=0x000001f9e1c65ba3 sp=0x000000af609fa038 mode 2
Event: 5770.560 Thread 0x000001f9b6fcb880 Uncommon trap: trap_request=0xffffffec fr.pc=0x000001f9e7cc7e9c relative=0x0000000000002f3c
Event: 5770.561 Thread 0x000001f9b6fcb880 Uncommon trap: reason=null_assert_or_unreached0 action=make_not_entrant pc=0x000001f9e7cc7e9c method=com.android.tools.r8.internal.ij4.A()Lcom/android/tools/r8/graph/k1; @ 4 c2
Event: 5770.561 Thread 0x000001f9b6fcb880 DEOPT PACKING pc=0x000001f9e7cc7e9c sp=0x000000af609fa070
Event: 5770.561 Thread 0x000001f9b6fcb880 DEOPT UNPACKING pc=0x000001f9e1c65ba3 sp=0x000000af609f9d80 mode 2
Event: 5770.561 Thread 0x000001f9b6fcb880 Uncommon trap: trap_request=0xffffffec fr.pc=0x000001f9e53c801c relative=0x000000000000055c
Event: 5770.561 Thread 0x000001f9b6fcb880 Uncommon trap: reason=null_assert_or_unreached0 action=make_not_entrant pc=0x000001f9e53c801c method=com.android.tools.r8.internal.ij4.A()Lcom/android/tools/r8/graph/k1; @ 4 c2
Event: 5770.561 Thread 0x000001f9b6fcb880 DEOPT PACKING pc=0x000001f9e53c801c sp=0x000000af609fa140
Event: 5770.561 Thread 0x000001f9b6fcb880 DEOPT UNPACKING pc=0x000001f9e1c65ba3 sp=0x000000af609f9e90 mode 2
Event: 5770.583 Thread 0x000001f9b6fcc2a0 Uncommon trap: trap_request=0xffffff45 fr.pc=0x000001f9e6549598 relative=0x0000000000001c38
Event: 5770.583 Thread 0x000001f9b6fcc2a0 Uncommon trap: reason=unstable_if action=reinterpret pc=0x000001f9e6549598 method=com.android.tools.r8.internal.m31.c()Z @ 10 c2
Event: 5770.583 Thread 0x000001f9b6fcc2a0 DEOPT PACKING pc=0x000001f9e6549598 sp=0x000000af601fa3e0
Event: 5770.583 Thread 0x000001f9b6fcc2a0 DEOPT UNPACKING pc=0x000001f9e1c65ba3 sp=0x000000af601fa2f8 mode 2
Event: 5770.752 Thread 0x000001f9b6fcb880 Uncommon trap: trap_request=0xffffff45 fr.pc=0x000001f9e4daf804 relative=0x0000000000001164
Event: 5770.752 Thread 0x000001f9b6fcb880 Uncommon trap: reason=unstable_if action=reinterpret pc=0x000001f9e4daf804 method=com.android.tools.r8.ir.optimize.k1.a(Lcom/android/tools/r8/internal/td;)Z @ 101 c2
Event: 5770.752 Thread 0x000001f9b6fcb880 DEOPT PACKING pc=0x000001f9e4daf804 sp=0x000000af609fa040
Event: 5770.752 Thread 0x000001f9b6fcb880 DEOPT UNPACKING pc=0x000001f9e1c65ba3 sp=0x000000af609fa020 mode 2

Classes unloaded (20 events):
Event: 2913.638 Thread 0x000001f9f714e010 Unloading class 0x000001f985c60ff8 'jdk/internal/jimage/ImageHeader'
Event: 2913.638 Thread 0x000001f9f714e010 Unloading class 0x000001f985c60dc8 'jdk/internal/jimage/BasicImageReader$2'
Event: 2913.638 Thread 0x000001f9f714e010 Unloading class 0x000001f985c60b98 'jdk/internal/jimage/BasicImageReader$1'
Event: 2913.638 Thread 0x000001f9f714e010 Unloading class 0x000001f985c60930 'jdk/internal/jimage/ImageReader$Resource'
Event: 2913.638 Thread 0x000001f9f714e010 Unloading class 0x000001f985c606c8 'jdk/internal/jimage/ImageReader$LinkNode'
Event: 2913.638 Thread 0x000001f9f714e010 Unloading class 0x000001f985c60460 'jdk/internal/jimage/ImageReader$Directory'
Event: 2913.638 Thread 0x000001f9f714e010 Unloading class 0x000001f985c601f8 'jdk/internal/jimage/ImageReader$Node'
Event: 2913.638 Thread 0x000001f9f714e010 Unloading class 0x000001f985c60000 'jdk/internal/jimage/ImageStrings'
Event: 2913.638 Thread 0x000001f9f714e010 Unloading class 0x000001f985295b70 'jdk/internal/jimage/ImageReader$SharedImageReader'
Event: 2913.638 Thread 0x000001f9f714e010 Unloading class 0x000001f9852958b0 'jdk/internal/jimage/BasicImageReader'
Event: 2913.638 Thread 0x000001f9f714e010 Unloading class 0x000001f985295690 'jdk/internal/jimage/ImageReader'
Event: 2913.638 Thread 0x000001f9f714e010 Unloading class 0x000001f985295468 'jdk/internal/jrtfs/SystemImage$2'
Event: 2913.638 Thread 0x000001f9f714e010 Unloading class 0x000001f983e1c5d8 'jdk/internal/jrtfs/SystemImage$$Lambda$27582+0x000001f983e1c5d8'
Event: 2913.638 Thread 0x000001f9f714e010 Unloading class 0x000001f985295238 'jdk/internal/jrtfs/ExplodedImage'
Event: 2913.638 Thread 0x000001f9f714e010 Unloading class 0x000001f985295000 'jdk/internal/jrtfs/SystemImage$1'
Event: 2913.638 Thread 0x000001f9f714e010 Unloading class 0x000001f983e58dd8 'jdk/internal/jrtfs/SystemImage'
Event: 2913.638 Thread 0x000001f9f714e010 Unloading class 0x000001f983e1c378 'jdk/internal/jrtfs/JrtFileStore'
Event: 2913.638 Thread 0x000001f9f714e010 Unloading class 0x000001f983e1c000 'jdk/internal/jrtfs/JrtPath'
Event: 2913.638 Thread 0x000001f9f714e010 Unloading class 0x000001f983e58ae0 'jdk/internal/jrtfs/JrtFileSystem'
Event: 2913.638 Thread 0x000001f9f714e010 Unloading class 0x000001f983e58800 'jdk/internal/jrtfs/JrtFileSystemProvider'

Classes redefined (0 events):
No events

Internal exceptions (20 events):
Event: 5770.510 Thread 0x000001f9b6fc9510 Exception <a 'sun/nio/fs/WindowsException'{0x00000007633bddb0}> (0x00000007633bddb0) 
thrown [s\open\src\hotspot\share\prims\jni.cpp, line 516]
Event: 5770.510 Thread 0x000001f9b6fc9510 Exception <a 'sun/nio/fs/WindowsException'{0x00000007633bff70}> (0x00000007633bff70) 
thrown [s\open\src\hotspot\share\prims\jni.cpp, line 516]
Event: 5770.513 Thread 0x000001f9b6fc9510 Exception <a 'sun/nio/fs/WindowsException'{0x00000007633d3e88}> (0x00000007633d3e88) 
thrown [s\open\src\hotspot\share\prims\jni.cpp, line 516]
Event: 5770.517 Thread 0x000001f9ffd9b810 Exception <a 'java/io/FileNotFoundException'{0x0000000774f0e468}> (0x0000000774f0e468) 
thrown [s\open\src\hotspot\share\prims\jni.cpp, line 516]
Event: 5770.527 Thread 0x000001fa012ebcf0 Exception <a 'sun/nio/fs/WindowsException'{0x000000075dfe5fe0}> (0x000000075dfe5fe0) 
thrown [s\open\src\hotspot\share\prims\jni.cpp, line 516]
Event: 5770.536 Thread 0x000001fa012ebcf0 Exception <a 'sun/nio/fs/WindowsException'{0x000000075ce0b0a8}> (0x000000075ce0b0a8) 
thrown [s\open\src\hotspot\share\prims\jni.cpp, line 516]
Event: 5770.566 Thread 0x000001f9ffd9b810 Exception <a 'sun/nio/fs/WindowsException'{0x000000075b5f9c50}> (0x000000075b5f9c50) 
thrown [s\open\src\hotspot\share\prims\jni.cpp, line 516]
Event: 5770.637 Thread 0x000001f9b6fc9510 Exception <a 'sun/nio/fs/WindowsException'{0x00000007633f8b68}> (0x00000007633f8b68) 
thrown [s\open\src\hotspot\share\prims\jni.cpp, line 516]
Event: 5770.651 Thread 0x000001f9b6fc9510 Exception <a 'sun/nio/fs/WindowsException'{0x0000000758c2ed00}> (0x0000000758c2ed00) 
thrown [s\open\src\hotspot\share\prims\jni.cpp, line 516]
Event: 5770.652 Thread 0x000001f9b6fc9510 Exception <a 'sun/nio/fs/WindowsException'{0x0000000758c30e30}> (0x0000000758c30e30) 
thrown [s\open\src\hotspot\share\prims\jni.cpp, line 516]
Event: 5770.652 Thread 0x000001f9b6fc9510 Exception <a 'sun/nio/fs/WindowsException'{0x0000000758c32fe8}> (0x0000000758c32fe8) 
thrown [s\open\src\hotspot\share\prims\jni.cpp, line 516]
Event: 5770.660 Thread 0x000001f9b6fc9510 Exception <a 'sun/nio/fs/WindowsException'{0x0000000758c46d40}> (0x0000000758c46d40) 
thrown [s\open\src\hotspot\share\prims\jni.cpp, line 516]
Event: 5770.682 Thread 0x000001fa012ebcf0 Exception <a 'sun/nio/fs/WindowsException'{0x000000075ce40c28}> (0x000000075ce40c28) 
thrown [s\open\src\hotspot\share\prims\jni.cpp, line 516]
Event: 5770.691 Thread 0x000001fa012ebcf0 Exception <a 'sun/nio/fs/WindowsException'{0x000000075ce42d58}> (0x000000075ce42d58) 
thrown [s\open\src\hotspot\share\prims\jni.cpp, line 516]
Event: 5770.692 Thread 0x000001fa012ebcf0 Exception <a 'sun/nio/fs/WindowsException'{0x000000075ce44f10}> (0x000000075ce44f10) 
thrown [s\open\src\hotspot\share\prims\jni.cpp, line 516]
Event: 5770.765 Thread 0x000001fa012ebcf0 Exception <a 'sun/nio/fs/WindowsException'{0x000000075ce58df0}> (0x000000075ce58df0) 
thrown [s\open\src\hotspot\share\prims\jni.cpp, line 516]
Event: 5770.811 Thread 0x000001fa012ebcf0 Exception <a 'sun/nio/fs/WindowsException'{0x0000000752275c18}> (0x0000000752275c18) 
thrown [s\open\src\hotspot\share\prims\jni.cpp, line 516]
Event: 5770.827 Thread 0x000001fa012ebcf0 Exception <a 'sun/nio/fs/WindowsException'{0x00000007522ab968}> (0x00000007522ab968) 
thrown [s\open\src\hotspot\share\prims\jni.cpp, line 516]
Event: 5770.827 Thread 0x000001fa012ebcf0 Exception <a 'sun/nio/fs/WindowsException'{0x00000007522adab0}> (0x00000007522adab0) 
thrown [s\open\src\hotspot\share\prims\jni.cpp, line 516]
Event: 5770.828 Thread 0x000001fa012ebcf0 Exception <a 'sun/nio/fs/WindowsException'{0x00000007522afc80}> (0x00000007522afc80) 
thrown [s\open\src\hotspot\share\prims\jni.cpp, line 516]

VM Operations (20 events):
Event: 5769.109 Executing VM operation: HandshakeAllThreads done
Event: 5769.109 Executing VM operation: Cleanup
Event: 5769.109 Executing VM operation: Cleanup done
Event: 5769.227 Executing VM operation: HandshakeAllThreads
Event: 5769.227 Executing VM operation: HandshakeAllThreads done
Event: 5769.434 Executing VM operation: HandshakeAllThreads
Event: 5769.435 Executing VM operation: HandshakeAllThreads done
Event: 5769.749 Executing VM operation: HandshakeAllThreads
Event: 5769.752 Executing VM operation: HandshakeAllThreads done
Event: 5770.011 Executing VM operation: HandshakeAllThreads
Event: 5770.011 Executing VM operation: HandshakeAllThreads done
Event: 5770.260 Executing VM operation: HandshakeAllThreads
Event: 5770.261 Executing VM operation: HandshakeAllThreads done
Event: 5770.261 Executing VM operation: Cleanup
Event: 5770.262 Executing VM operation: Cleanup done
Event: 5770.524 Executing VM operation: HandshakeAllThreads
Event: 5770.550 Executing VM operation: HandshakeAllThreads done
Event: 5770.776 Executing VM operation: HandshakeAllThreads
Event: 5770.823 Executing VM operation: HandshakeAllThreads done
Event: 5770.833 Executing VM operation: G1CollectForAllocation

Events (20 events):
Event: 5770.246 Thread 0x000001f9d0838580 Thread added: 0x000001f9d0838580
Event: 5770.279 Thread 0x000001f9f7158470 flushing nmethod 0x000001f9e3670d90
Event: 5770.285 Thread 0x000001f9d0836c30 Thread added: 0x000001f9d0836c30
Event: 5770.288 Thread 0x000001f9f7158470 flushing nmethod 0x000001f9e43d6d90
Event: 5770.314 Thread 0x000001f9f7158470 flushing nmethod 0x000001f9e5f53710
Event: 5770.315 Thread 0x000001f9f7158470 flushing nmethod 0x000001f9e60b6f90
Event: 5770.326 Thread 0x000001f9f7158470 flushing nmethod 0x000001f9e6d3cc90
Event: 5770.330 Thread 0x000001f9f7158470 flushing nmethod 0x000001f9e7028c90
Event: 5770.335 Thread 0x000001f9f7158470 flushing nmethod 0x000001f9e7597010
Event: 5770.341 Thread 0x000001f9f7158470 flushing nmethod 0x000001f9e7a43a90
Event: 5770.359 Thread 0x000001f9f7158470 flushing nmethod 0x000001f9e863c290
Event: 5770.359 Thread 0x000001f9f7158470 flushing nmethod 0x000001f9e86ae390
Event: 5770.370 Thread 0x000001f9f7158470 flushing nmethod 0x000001f9e9022790
Event: 5770.371 Thread 0x000001f9f7158470 flushing nmethod 0x000001f9e9263a90
Event: 5770.583 Thread 0x000001f9f7158470 flushing nmethod 0x000001f9e4bb7510
Event: 5770.595 Thread 0x000001f9f7158470 flushing nmethod 0x000001f9e584ab90
Event: 5770.601 Thread 0x000001f9f7158470 flushing nmethod 0x000001f9e5fba590
Event: 5770.619 Thread 0x000001f9f7158470 flushing nmethod 0x000001f9e7724910
Event: 5770.634 Thread 0x000001f9f7158470 flushing nmethod 0x000001f9e8b0ae10
Event: 5770.636 Thread 0x000001f9f7158470 flushing nmethod 0x000001f9e8e03b90


Dynamic libraries:
0x00007ff74ab00000 - 0x00007ff74ab10000 	C:\Program Files\Java\jdk-17\bin\java.exe
0x00007ffa17440000 - 0x00007ffa176a6000 	C:\WINDOWS\SYSTEM32\ntdll.dll
0x00007ffa163c0000 - 0x00007ffa16489000 	C:\WINDOWS\System32\KERNEL32.DLL
0x00007ffa14d30000 - 0x00007ffa1512f000 	C:\WINDOWS\System32\KERNELBASE.dll
0x00007ffa11520000 - 0x00007ffa115bf000 	C:\WINDOWS\SYSTEM32\apphelp.dll
0x00007ffa14930000 - 0x00007ffa14a7c000 	C:\WINDOWS\System32\ucrtbase.dll
0x00007ff9f9700000 - 0x00007ff9f9719000 	C:\Program Files\Java\jdk-17\bin\jli.dll
0x00007ff9f76f0000 - 0x00007ff9f770b000 	C:\Program Files\Java\jdk-17\bin\VCRUNTIME140.dll
0x00007ffa16fa0000 - 0x00007ffa1705c000 	C:\WINDOWS\System32\ADVAPI32.dll
0x00007ffa15de0000 - 0x00007ffa15e89000 	C:\WINDOWS\System32\msvcrt.dll
0x00007ffa15440000 - 0x00007ffa154ea000 	C:\WINDOWS\System32\sechost.dll
0x00007ffa16c50000 - 0x00007ffa16d68000 	C:\WINDOWS\System32\RPCRT4.dll
0x00007ffa16920000 - 0x00007ffa16ae6000 	C:\WINDOWS\System32\USER32.dll
0x00007ffa15140000 - 0x00007ffa15167000 	C:\WINDOWS\System32\win32u.dll
0x00007ff9fa200000 - 0x00007ff9fa491000 	C:\WINDOWS\WinSxS\amd64_microsoft.windows.common-controls_6595b64144ccf1df_6.0.26100.8972_none_3e0da176e32f9d4b\COMCTL32.dll
0x00007ffa16170000 - 0x00007ffa1619b000 	C:\WINDOWS\System32\GDI32.dll
0x00007ffa14a90000 - 0x00007ffa14bb9000 	C:\WINDOWS\System32\gdi32full.dll
0x00007ffa14c80000 - 0x00007ffa14d23000 	C:\WINDOWS\System32\msvcp_win.dll
0x00007ffa0c330000 - 0x00007ffa0c33b000 	C:\WINDOWS\SYSTEM32\VERSION.dll
0x00007ffa15340000 - 0x00007ffa15372000 	C:\WINDOWS\System32\IMM32.DLL
0x00007ffa0e600000 - 0x00007ffa0e60c000 	C:\Program Files\Java\jdk-17\bin\vcruntime140_1.dll
0x00007ff9e1c30000 - 0x00007ff9e1cbe000 	C:\Program Files\Java\jdk-17\bin\msvcp140.dll
0x00007ff98d8c0000 - 0x00007ff98e4a0000 	C:\Program Files\Java\jdk-17\bin\server\jvm.dll
0x00007ffa15620000 - 0x00007ffa15628000 	C:\WINDOWS\System32\PSAPI.DLL
0x00007ffa05d40000 - 0x00007ffa05d4a000 	C:\WINDOWS\SYSTEM32\WSOCK32.dll
0x00007ffa053b0000 - 0x00007ffa053e6000 	C:\WINDOWS\SYSTEM32\WINMM.dll
0x00007ffa16b50000 - 0x00007ffa16bd2000 	C:\WINDOWS\System32\WS2_32.dll
0x00007ffa13300000 - 0x00007ffa1331b000 	C:\WINDOWS\SYSTEM32\kernel.appcore.dll
0x00007ffa0e3f0000 - 0x00007ffa0e3fa000 	C:\Program Files\Java\jdk-17\bin\jimage.dll
0x00007ff9fcc70000 - 0x00007ff9fceb2000 	C:\WINDOWS\SYSTEM32\DBGHELP.DLL
0x00007ffa17070000 - 0x00007ffa173f5000 	C:\WINDOWS\System32\combase.dll
0x00007ffa161a0000 - 0x00007ffa16279000 	C:\WINDOWS\System32\OLEAUT32.dll
0x00007ff9f0c20000 - 0x00007ff9f0c5b000 	C:\WINDOWS\SYSTEM32\dbgcore.DLL
0x00007ffa14bc0000 - 0x00007ffa14c6c000 	C:\WINDOWS\System32\bcryptPrimitives.dll
0x00007ff9f0b70000 - 0x00007ff9f0b7e000 	C:\Program Files\Java\jdk-17\bin\instrument.dll
0x00007ff9f69f0000 - 0x00007ff9f6a15000 	C:\Program Files\Java\jdk-17\bin\java.dll
0x00007ff9e0df0000 - 0x00007ff9e0ec7000 	C:\Program Files\Java\jdk-17\bin\jsvml.dll
0x00007ffa15630000 - 0x00007ffa15db8000 	C:\WINDOWS\System32\SHELL32.dll
0x00007ffa120d0000 - 0x00007ffa1296b000 	C:\WINDOWS\SYSTEM32\windows.storage.dll
0x00007ffa15520000 - 0x00007ffa15619000 	C:\WINDOWS\System32\SHCORE.dll
0x00007ffa16be0000 - 0x00007ffa16c46000 	C:\WINDOWS\System32\shlwapi.dll
0x00007ffa14570000 - 0x00007ffa14599000 	C:\WINDOWS\SYSTEM32\profapi.dll
0x00007ff9f0b90000 - 0x00007ff9f0ba8000 	C:\Program Files\Java\jdk-17\bin\zip.dll
0x00007ff9f4030000 - 0x00007ff9f4049000 	C:\Program Files\Java\jdk-17\bin\net.dll
0x00007ffa0d9d0000 - 0x00007ffa0daf8000 	C:\WINDOWS\SYSTEM32\WINHTTP.dll
0x00007ffa13890000 - 0x00007ffa138fc000 	C:\WINDOWS\system32\mswsock.dll
0x00007ff9f0fd0000 - 0x00007ff9f0fe6000 	C:\Program Files\Java\jdk-17\bin\nio.dll
0x00007ff9f69b0000 - 0x00007ff9f69c0000 	C:\Program Files\Java\jdk-17\bin\verify.dll
0x00007ff9e5730000 - 0x00007ff9e5757000 	C:\Users\dsami\.gradle\native\660c5614fbf4a5f2a75b1949f50a0caf5cd603558e7d8a26e50b933a0cfb79d1\windows-amd64\native-platform.dll
0x00007ff9e0d70000 - 0x00007ff9e0de7000 	C:\Users\dsami\.gradle\native\0.2.8\x86_64-windows-gnu\gradle-fileevents.dll
0x00007ff9f2fb0000 - 0x00007ff9f2fba000 	C:\Program Files\Java\jdk-17\bin\management.dll
0x00007ff9f0b80000 - 0x00007ff9f0b8b000 	C:\Program Files\Java\jdk-17\bin\management_ext.dll
0x00007ffa12ca0000 - 0x00007ffa12cd3000 	C:\WINDOWS\SYSTEM32\IPHLPAPI.DLL
0x00007ffa16d70000 - 0x00007ffa16d7a000 	C:\WINDOWS\System32\NSI.dll
0x00007ffa0d820000 - 0x00007ffa0d83d000 	C:\WINDOWS\SYSTEM32\dhcpcsvc6.DLL
0x00007ffa0d7f0000 - 0x00007ffa0d815000 	C:\WINDOWS\SYSTEM32\dhcpcsvc.DLL
0x00007ffa12ce0000 - 0x00007ffa12e38000 	C:\WINDOWS\SYSTEM32\DNSAPI.dll
0x00007ffa13690000 - 0x00007ffa1369d000 	C:\WINDOWS\SYSTEM32\DSPARSE.dll
0x00007ffa13cb0000 - 0x00007ffa13ccb000 	C:\WINDOWS\SYSTEM32\CRYPTSP.dll
0x00007ffa13260000 - 0x00007ffa13299000 	C:\WINDOWS\system32\rsaenh.dll
0x00007ffa13940000 - 0x00007ffa13972000 	C:\WINDOWS\SYSTEM32\USERENV.dll
0x00007ffa14540000 - 0x00007ffa1456a000 	C:\WINDOWS\SYSTEM32\bcrypt.dll
0x00007ffa13af0000 - 0x00007ffa13afc000 	C:\WINDOWS\SYSTEM32\CRYPTBASE.dll
0x00007ff9f0b60000 - 0x00007ff9f0b6e000 	C:\Program Files\Java\jdk-17\bin\sunmscapi.dll
0x00007ffa14650000 - 0x00007ffa147ce000 	C:\WINDOWS\System32\CRYPT32.dll
0x00007ffa13e90000 - 0x00007ffa13ec0000 	C:\WINDOWS\SYSTEM32\ncrypt.dll
0x00007ffa13dd0000 - 0x00007ffa13e0f000 	C:\WINDOWS\SYSTEM32\NTASN1.dll
0x00007ff9a81b0000 - 0x00007ff9a81b8000 	C:\WINDOWS\system32\wshunix.dll
0x00007ff9eb1f0000 - 0x00007ff9eb1f7000 	C:\Program Files\Java\jdk-17\bin\rmi.dll
0x00007ffa0c020000 - 0x00007ffa0c02b000 	C:\Windows\System32\rasadhlp.dll
0x00007ffa0cd40000 - 0x00007ffa0cdc6000 	C:\WINDOWS\System32\fwpuclnt.dll
0x00007ff99c730000 - 0x00007ff99c8c1000 	C:\Program Files\Java\jdk-17\bin\awt.dll
0x00007ffa11710000 - 0x00007ffa117b8000 	C:\WINDOWS\system32\uxtheme.dll
0x00007ffa15170000 - 0x00007ffa152cd000 	C:\WINDOWS\System32\MSCTF.dll
0x00007ffa16e00000 - 0x00007ffa16f99000 	C:\WINDOWS\System32\ole32.dll
0x00007ffa13430000 - 0x00007ffa13466000 	C:\WINDOWS\SYSTEM32\ntmarta.dll
0x00007ff9e19b0000 - 0x00007ff9e19f1000 	C:\Users\dsami\AppData\Local\Temp\jna-95874766\jna14334218292364027580.dll

dbghelp: loaded successfully - version: 4.0.5 - missing functions: none
symbol engine: initialized successfully - sym options: 0x614 - pdb path: .;C:\Program Files\Java\jdk-17\bin;C:\WINDOWS\SYSTEM32;C:\WINDOWS\WinSxS\amd64_microsoft.windows.common-controls_6595b64144ccf1df_6.0.26100.8972_none_3e0da176e32f9d4b;C:\Program Files\Java\jdk-17\bin\server;C:\Users\dsami\.gradle\native\660c5614fbf4a5f2a75b1949f50a0caf5cd603558e7d8a26e50b933a0cfb79d1\windows-amd64;C:\Users\dsami\.gradle\native\0.2.8\x86_64-windows-gnu;C:\Users\dsami\AppData\Local\Temp;C:\Users\dsami\AppData\Local\Temp\jna-95874766

VM Arguments:
jvm_args: --add-opens=java.base/java.lang=ALL-UNNAMED --add-opens=java.base/java.lang.invoke=ALL-UNNAMED --add-opens=java.base/java.util=ALL-UNNAMED --add-opens=java.prefs/java.util.prefs=ALL-UNNAMED --add-exports=jdk.compiler/com.sun.tools.javac.api=ALL-UNNAMED --add-exports=jdk.compiler/com.sun.tools.javac.util=ALL-UNNAMED --add-opens=java.base/java.nio.charset=ALL-UNNAMED --add-opens=java.base/java.net=ALL-UNNAMED --add-opens=java.base/java.util.concurrent=ALL-UNNAMED --add-opens=java.base/java.util.concurrent.atomic=ALL-UNNAMED --add-opens=java.xml/javax.xml.namespace=ALL-UNNAMED --add-opens=java.base/java.time=ALL-UNNAMED -XX:MaxMetaspaceSize=1024m -Xmx4096m -Dfile.encoding=UTF-8 -Duser.country=AE -Duser.language=en -Duser.variant -javaagent:C:\Users\dsami\.gradle\wrapper\dists\gradle-9.7.0-bin\d4tj7w02tcgubx9zk9hbippn6\gradle-9.7.0\lib\agents\gradle-instrumentation-agent-9.7.0.jar 
java_command: org.gradle.launcher.daemon.bootstrap.GradleDaemon 9.7.0
java_class_path (initial): C:\Users\dsami\.gradle\wrapper\dists\gradle-9.7.0-bin\d4tj7w02tcgubx9zk9hbippn6\gradle-9.7.0\lib\gradle-daemon-server-9.7.0.jar
Launcher Type: SUN_STANDARD

[Global flags]
     intx CICompilerCount                          = 12                                        {product} {ergonomic}
   size_t CompressedClassSpaceSize                 = 872415232                                 {product} {ergonomic}
     uint ConcGCThreads                            = 3                                         {product} {ergonomic}
     uint G1ConcRefinementThreads                  = 13                                        {product} {ergonomic}
   size_t G1HeapRegionSize                         = 2097152                                   {product} {ergonomic}
    uintx GCDrainStackTargetSize                   = 64                                        {product} {ergonomic}
   size_t InitialHeapSize                          = 532676608                                 {product} {ergonomic}
   size_t MarkStackSize                            = 4194304                                   {product} {ergonomic}
   size_t MaxHeapSize                              = 4294967296                                {product} {command line}
   size_t MaxMetaspaceSize                         = 1073741824                                {product} {command line}
   size_t MaxNewSize                               = 2575302656                                {product} {ergonomic}
   size_t MinHeapDeltaBytes                        = 2097152                                   {product} {ergonomic}
   size_t MinHeapSize                              = 8388608                                   {product} {ergonomic}
    uintx NonNMethodCodeHeapSize                   = 7602480                                {pd product} {ergonomic}
    uintx NonProfiledCodeHeapSize                  = 122027880                              {pd product} {ergonomic}
    uintx ProfiledCodeHeapSize                     = 122027880                              {pd product} {ergonomic}
    uintx ReservedCodeCacheSize                    = 251658240                              {pd product} {ergonomic}
     bool SegmentedCodeCache                       = true                                      {product} {ergonomic}
   size_t SoftMaxHeapSize                          = 4294967296                             {manageable} {ergonomic}
     bool UseCompressedClassPointers               = true                           {product lp64_product} {ergonomic}
     bool UseCompressedOops                        = true                           {product lp64_product} {ergonomic}
     bool UseG1GC                                  = true                                      {product} {ergonomic}
     bool UseLargePagesIndividualAllocation        = false                                  {pd product} {ergonomic}

Logging:
Log output configuration:
 #0: stdout all=warning uptime,level,tags
 #1: stderr all=off uptime,level,tags

Environment Variables:
JAVA_HOME=C:/Program Files/Java/jdk-17
PATH=C:\Users\dsami\bin;C:\Program Files\Git\mingw64\bin;C:\Program Files\Git\usr\local\bin;C:\Program Files\Git\usr\bin;C:\Program Files\Git\usr\bin;C:\Program Files\Git\mingw64\bin;C:\Program Files\Git\usr\bin;C:\Users\dsami\bin;C:\Program Files\Common Files\Oracle\Java\javapath;C:\Python312\Scripts;C:\Python312;C:\WINDOWS\system32;C:\WINDOWS;C:\WINDOWS\System32\Wbem;C:\WINDOWS\System32\WindowsPowerShell\v1.0;C:\WINDOWS\System32\OpenSSH;C:\ProgramData\chocolatey\bin;C:\Program Files\dotnet;C:\Users\dsami\AppData\Local\nvm;C:\nvm4w\nodejs;C:\Program Files\nodejs;C:\Users\dsami\AppData\Local\Programs\cursor\resources\app\bin;C:\Program Files\Git\cmd;C:\WINDOWS\system32;D:\ZKBioTime\Python311;D:\ZKBioTime\Python311\Scripts;D:\ZKBioTime\Python311\Library\bin;D:\ZKBioTime\Python311\Lib\site-packages;D:\ZKBioTime\zkeco_dlls;D:\ZKBioTime\pgsql\bin;D:\ZKBioTime\tools\wkhtmltox\bin;C:\Users\dsami\.local\bin;C:\Users\dsami\scoop\shims;C:\Users\dsami\.cargo\bin;C:\flutter\bin;C:\Program Files\Eclipse Adoptium\jdk-21.0.8.9-hotspot\bin C;C:\Program Files\Git\Users\dsami\scoop\shims c;C:\Program Files\Git\Users\dsami\AppData\Local\Programs\Trae\bin C;C:\Program Files\Git\Users\dsami\AppData\Local\Microsoft\WindowsApps C;C:\Program Files\Git\Users\dsami\AppData\Local\Programs\Microsoft VS Code\bin C;C:\Program Files\Git\Users\dsami\AppData\Local\GitHubDesktop\bin C;C:\Program Files\Git\Program Files (x86)\MongoDB Atlas CLI\ C;C:\Program Files\Git\Program Files (x86)\MongoDB CLI\ C;C:\Program Files\Git\Users\dsami\AppData\Local\Programs\Ollama C;C:\Program Files\Git\Users\dsami\.bun\bin C;C:\Program Files\Git\Users\dsami\.deno\bin C;C:\Program Files\Git\Users\dsami\.dotnet\tools C;C:\Program Files\Git\Users\dsami\AppData\Local\nvm C;C:\Program Files\Git\nvm4w\nodejs C;C:\Program Files\Git\stripe.exe C;C:\Program Files\Git\Users\dsami\AppData\Roaming\npm C;C:\Program Files\Git\Program Files\OpenSSL-Win64\bin C;C:\Program Files\Git\Users\dsami\AppData\Local\Programs\cursor\resources\a
USERNAME=dsami
SHELL=C:\Program Files\Git\usr\bin\bash.exe
OS=Windows_NT
PROCESSOR_IDENTIFIER=Intel64 Family 6 Model 167 Stepping 1, GenuineIntel



---------------  S Y S T E M  ---------------

OS:
 Windows 11 , 64 bit Build 26100 (10.0.26100.9168)
OS uptime: 4 days 6:52 hours
Hyper-V role detected

CPU: total 16 (initial active 16) (8 cores per cpu, 2 threads per core) family 6 model 167 stepping 1 microcode 0x40, cx8, cmov, fxsr, ht, mmx, 3dnowpref, sse, sse2, sse3, ssse3, sse4.1, sse4.2, popcnt, lzcnt, tsc, tscinvbit, avx, avx2, aes, erms, clmul, bmi1, bmi2, adx, avx512f, avx512dq, avx512cd, avx512bw, avx512vl, sha, fma, vzeroupper, avx512_vpopcntdq, avx512_vpclmulqdq, avx512_vaes, avx512_vnni, clflush, clflushopt, avx512_vbmi2, avx512_vbmi, hv

Memory: 4k page, system-wide physical 32485M (2290M free)
TotalPageFile size 62892M (AvailPageFile size 60M)
current process WorkingSet (physical memory assigned to process): 2251M, peak: 5161M
current process commit charge ("private bytes"): 3829M, peak: 5382M

vm_info: Java HotSpot(TM) 64-Bit Server VM (17.0.12+8-LTS-286) for windows-amd64 JRE (17.0.12+8-LTS-286), built on Jun  5 2024 06:46:59 by "mach5one" with MS VC++ 17.6 (VS2022)

END.
